device,physical_disk_number,physical_disk_model,block_bytes,block_label,queue_depth,pattern,arm_status,exit_code,repeats_requested,repeats_observed,seed,duration_ms,warmup_ms,warmup_wall_ms_mean,warmup_wall_ms_sample_sd,warmup_iops_mean,warmup_iops_sample_sd,warmup_bandwidth_mib_s_mean,warmup_bandwidth_mib_s_sample_sd,measured_wall_ms_mean,measured_wall_ms_sample_sd,measured_iops_mean,measured_iops_sample_sd,measured_bandwidth_mib_s_mean,measured_bandwidth_mib_s_sample_sd,measured_latency_mean_all_ms_mean,measured_latency_mean_all_ms_sample_sd,measured_latency_p50_sampled_ms_mean_of_repeats,measured_latency_p50_sampled_ms_sample_sd,measured_latency_p95_sampled_ms_mean_of_repeats,measured_latency_p95_sampled_ms_sample_sd,measured_latency_p99_sampled_ms_mean_of_repeats,measured_latency_p99_sampled_ms_sample_sd,measured_latency_total_count,measured_latency_sample_count_sum,measured_latency_sample_cap,measured_successful_blocks,measured_failed_blocks,measured_uncompleted,drain_timeout,error
E,1,Micron_2450_MTFDKBA512TFK,4096,4k,1,sequential,ok,0,3,3,20261009,1000,250,250.0135,0.0059808026217212235,33646.1779,4873.117892280638,131.43038233333334,19.035616962994773,1000.0155666666667,0.004801388687969508,34630.460366666666,613.1617850856348,135.275236,2.3951628914650005,0.028538658766666666,0.0004977629440799335,0.0255333333,0.0011015143243130025,0.04836666663333333,0.012240234232644408,0.0790999999,0.002615339389065979,103893,103893,65536,103893,0,0,False,
E,1,Micron_2450_MTFDKBA512TFK,4096,4k,1,random,ok,0,3,3,20261009,1000,250,250.05216666666666,0.024966844681165046,12001.440636666666,2716.47923307387,46.88062756666667,10.611247063175295,1000.0339,0.022522211259136875,13344.8879,1537.6662182608068,52.1284685,6.0065086551487905,0.07527695323333333,0.009211869680263076,0.06406666676666667,0.0029143324129778563,0.11103333333333333,0.0033381631675718495,0.1399,0.002722131517763234,40036,40036,65536,40036,0,0,False,
E,1,Micron_2450_MTFDKBA512TFK,4096,4k,4,sequential,ok,0,3,3,20261009,1000,250,250.06756666666666,0.04894612684710751,53040.357066666664,790.3305246077579,207.18889466666667,3.087228756599886,1000.0789333333333,0.02137061845929085,53340.7751,1028.3667243996517,208.36240266666667,4.017057226541132,0.0738106577,0.0013860252942181016,0.06373333343333333,0.0017214336825255203,0.14363333333333334,0.002722743714221623,0.16713333333333333,0.003685557397916,160035,160035,65536,160035,0,0,False,
E,1,Micron_2450_MTFDKBA512TFK,4096,4k,4,random,ok,0,3,3,20261009,1000,250,250.06006666666667,0.005753549628989327,49529.3531,6187.008445936492,193.47403566666668,24.168002085537527,1000.0348,0.018565559512147785,54696.74563333333,1664.4742492757703,213.65916233333334,6.501852348926131,0.07206139083333334,0.002028918189369749,0.06753333363333333,0.0007371114999329058,0.09863333333333334,0.004483674088661369,0.12436666666666667,0.019521868080010506,164096,164096,65536,164096,0,0,False,
E,1,Micron_2450_MTFDKBA512TFK,4096,4k,8,sequential,ok,0,3,3,20261009,1000,250,250.22243333333333,0.01788863698926129,79903.55983333333,556.491888023952,312.12328033333335,2.1737966274135054,1000.1150666666666,0.08424869929759192,79734.5514,1229.8832420897395,311.46309099999996,4.8042312664829145,0.09864268333333333,0.001289812486352731,0.07486666663333333,0.0025324562859011285,0.22726666666666667,0.0016010413278030337,0.26503333333333334,0.001738773514099338,239231,196608,65536,239231,0,0,False,
E,1,Micron_2450_MTFDKBA512TFK,4096,4k,8,random,ok,0,3,3,20261009,1000,250,250.0742,0.017521130100550876,93642.92403333333,3537.3268718096956,365.79267233333337,13.817683179148384,1000.0690666666667,0.011633715370978685,96598.995,1050.2713633608369,377.339824,4.1026223218111575,0.08155135353333333,0.0008499908394573184,0.07176666656666666,0.0006350853827111752,0.1252,0.0014525839046334022,0.1666,0.0015999999999999903,289817,196608,65536,289817,0,0,False,
E,1,Micron_2450_MTFDKBA512TFK,4096,4k,16,sequential,ok,0,3,3,20261009,1000,250,250.23423333333332,0.042900038850010085,101723.29456666666,4382.561106948237,397.35661899999997,17.119378593068767,1000.2291333333334,0.04847858633802657,101870.61266666667,1431.8025354888566,397.93207966666665,5.592978530071635,0.155229177,0.0022252413760742913,0.1326,0.003903844259188628,0.3589,0.0005291502622129123,0.4301,0.0023999999999999855,305682,196608,65536,305682,0,0,False,
E,1,Micron_2450_MTFDKBA512TFK,4096,4k,16,random,ok,0,3,3,20261009,1000,250,250.1742,0.01489865765764885,107267.98866666667,2021.6827447466446,419.01558033333333,7.897197719701103,1000.1521666666666,0.03353465868822072,107481.301,483.82432526796396,419.8488326666667,1.8899377200559557,0.14738069833333334,0.0006517220155835853,0.14403333333333335,0.0005507570547286134,0.26406666666666667,0.0006506407098647549,0.2959333333333333,0.0010214368964029535,322493,196608,65536,322493,0,0,False,
E,1,Micron_2450_MTFDKBA512TFK,4096,4k,32,sequential,ok,0,3,3,20261009,1000,250,250.41553333333334,0.1708265884847401,135113.332,1928.4868929352258,527.7864526666667,7.533151596225303,1000.2719333333333,0.16040356396707048,134342.956,1725.6150877365465,524.7771723333334,6.740683430117489,0.23558811333333335,0.0028127717446537214,0.2201,0.003996248240537611,0.46353333333333335,0.0027736858750286395,0.5659,0.002951270912674772,403139,196608,65536,403139,0,0,False,
E,1,Micron_2450_MTFDKBA512TFK,4096,4k,32,random,ok,0,3,3,20261009,1000,250,250.25973333333334,0.07205722263128166,145862.33466666666,2886.376572226204,569.774744,11.274907842323623,1000.2213333333334,0.027823970481117347,144541.329,1141.8853729569312,564.6145666666667,4.460490501137321,0.219360195,0.001489033464430207,0.22546666666666668,0.0012583057392117928,0.3163666666666667,0.0031895663237082013,0.36273333333333335,0.0024826061575153736,433720,196608,65536,433720,0,0,False,
E,1,Micron_2450_MTFDKBA512TFK,4096,4k,64,sequential,ok,0,3,3,20261009,1000,250,250.42043333333334,0.06069870948655997,224261.28166666668,1600.2653584297495,876.0206316666666,6.251035048146612,1000.407,0.03802117830891121,224584.931,185.00395294156118,877.2848866666667,0.7226705937163322,0.2824103863333333,0.00021675910305298278,0.2871,0.00010000000000001674,0.4311,0.0006557438524302125,0.48009999999999997,0.0013076696830621854,674029,196608,65536,674029,0,0,False,
E,1,Micron_2450_MTFDKBA512TFK,4096,4k,64,random,ok,0,3,3,20261009,1000,250,250.30403333333334,0.02685001551831738,247360.275,3774.0507339532373,966.2510746666667,14.742387012569967,1000.3153,0.06705840737743936,247928.50966666668,1236.5866751005906,968.4707406666666,4.830415222189754,0.255333183,0.0009372338067307459,0.2517333333333333,0.00025166114784236,0.36923333333333336,0.002154839514519211,0.4332666666666667,0.004365012409298891,744020,196608,65536,744020,0,0,False,
E,1,Micron_2450_MTFDKBA512TFK,16384,16k,1,sequential,ok,0,3,3,20261009,1000,250,250.02013333333335,0.010276348248934376,23610.0922,848.6512070096477,368.90769133333333,13.260174979388474,1000.0210999999999,0.005663038053874775,24067.49133333333,282.40645802986415,376.054552,4.412601329170475,0.04121134863333333,0.0004752153033310711,0.0365999999,0.0005196151556681826,0.05969999996666667,9.99999000004182e-05,0.07139999993333333,0.00437149876243835,72204,72204,65536,72204,0,0,False,
E,1,Micron_2450_MTFDKBA512TFK,16384,16k,1,random,ok,0,3,3,20261009,1000,250,250.03546666666668,0.03207371717360932,11005.087933333334,205.48523590385588,171.95449866666667,3.2107065899474967,1000.0769,0.0066022723360890725,11098.813166666667,3.4826880801090634,173.418956,0.054417345065702505,0.08974288576666667,2.1903479351308535e-05,0.0872666664,0.00023093987673574617,0.09826666656666666,0.0007094597193170293,0.13373333333333334,0.008113158036999735,33299,33299,65536,33299,0,0,False,
E,1,Micron_2450_MTFDKBA512TFK,16384,16k,4,sequential,ok,0,3,3,20261009,1000,250,250.0993,0.030358524338319162,40385.280933333335,165.86644388646965,631.0200143333334,2.5916629660039243,1000.0726666666667,0.013108139964677348,40358.734866666666,211.94056326824872,630.6052323333333,3.3115719430437385,0.09857536106666667,0.0005107083644245174,0.09660000006666666,0.00010000015000010556,0.1473,0.0041146081222882035,0.2012,0.004838388161361175,121085,121085,65536,121085,0,0,False,
E,1,Micron_2450_MTFDKBA512TFK,16384,16k,4,random,ok,0,3,3,20261009,1000,250,250.0664,0.0175450847817925,40761.16333333333,224.91281803939535,636.893177,3.514262777208169,1000.0710333333334,0.017200096898954357,40652.44896666667,310.8088081080468,635.1945146666667,4.85638831054532,0.09773531376666666,0.0006850531396840002,0.09126666673333333,0.0003055052863701314,0.13353333333333334,0.0015695009822658075,0.15976666666666667,0.002742869543622758,121966,121966,65536,121966,0,0,False,
E,1,Micron_2450_MTFDKBA512TFK,16384,16k,8,sequential,ok,0,3,3,20261009,1000,250,250.1778,0.02787489910296329,42741.62696666667,531.5808774270038,667.8379213333333,8.30595083219741,1000.1623333333333,0.05446837002643119,42514.094366666664,116.22704908670418,664.2827243333334,1.8160479225396138,0.18749077066666667,0.0005157651284425224,0.18926666666666667,0.00030550504633038297,0.23466666666666666,0.002557994005726619,0.29296666666666665,0.0012897028081435367,127563,127563,65536,127563,0,0,False,
E,1,Micron_2450_MTFDKBA512TFK,16384,16k,8,random,ok,0,3,3,20261009,1000,250,250.123,0.015620499351806016,68890.13626666667,883.3226443802523,1076.4083766666668,13.801919939621994,1000.1219666666667,0.05151012845382859,68067.6923,551.5014917590776,1063.55769,8.617212226602135,0.116204723,0.0009145558934105664,0.10726666666666666,0.0008326663997864558,0.17146666666666666,0.0015044378795195693,0.21436666666666668,0.0042524502740576954,204228,196608,65536,204228,0,0,False,
E,1,Micron_2450_MTFDKBA512TFK,16384,16k,16,sequential,ok,0,3,3,20261009,1000,250,250.1663,0.012699606293107294,109888.26633333333,908.65122650571,1717.00416,14.197669459805725,1000.1541333333333,0.024113136115667053,111888.43966666667,1166.922452901788,1748.2568666666666,18.233158644986062,0.141497335,0.0013115214310117059,0.13826666666666668,0.0008386497083606048,0.20146666666666668,0.0027428695436227633,0.23653333333333332,0.003403429642777026,335717,196608,65536,335717,0,0,False,
E,1,Micron_2450_MTFDKBA512TFK,16384,16k,16,random,ok,0,3,3,20261009,1000,250,250.46563333333333,0.25718445391067557,53033.1347,46939.87849276122,828.642728,733.4355996628633,1000.4358333333333,0.3446496385219761,65028.930466666665,40300.10539256243,1016.0770403333333,629.6891496955935,0.3385708236666667,0.24256493440292043,0.30046666666666666,0.2695811998885185,0.5099666666666667,0.21930449911785516,0.5501,0.20232594989274116,195150,154068,65536,195150,0,0,False,
E,1,Micron_2450_MTFDKBA512TFK,16384,16k,32,sequential,ok,0,3,3,20261009,1000,250,250.21269999999998,0.025011797216511308,152671.90233333333,6940.119681158915,2385.498473333333,108.43936557537607,1000.2144,0.018444782460099392,156455.11133333333,953.7395374232575,2444.6111133333334,14.902176497083813,0.202917426,0.0012609148060447957,0.197,0.0015620499351813276,0.28513333333333335,0.0012897028081435367,0.3411,0.0017349351572897482,469466,196608,65536,469466,0,0,False,
E,1,Micron_2450_MTFDKBA512TFK,16384,16k,32,random,ok,0,3,3,20261009,1000,250,251.21303333333333,0.03742583777730892,26292.480133333334,598.6579076310815,410.82000166666666,9.354030436413607,1000.9345000000001,0.5439316409255724,60677.742,59456.50292710572,948.0897190000001,929.007858562929,0.8906335493333333,0.5585447750167519,0.8774333333333333,0.573501328100758,0.9937,0.4870537136702686,1.2699,0.06118954159004627,182139,118303,65536,182139,0,0,False,
E,1,Micron_2450_MTFDKBA512TFK,16384,16k,64,sequential,ok,0,3,3,20261009,1000,250,250.44796666666667,0.062122969450378616,161922.24633333334,2384.113066126342,2530.035103333333,37.25176973777283,1000.4399333333333,0.05230720154366894,160558.02933333334,914.1255592588603,2508.7192066666667,14.283211621817738,0.39666138,0.0023666656468810626,0.39163333333333333,0.002122105872319598,0.49920000000000003,0.004457577817604544,0.5660333333333334,0.0015821925715074378,481886,196608,65536,481886,0,0,False,
E,1,Micron_2450_MTFDKBA512TFK,16384,16k,64,random,ok,0,3,3,20261009,1000,250,251.89726666666667,1.094622118967695,70499.62146666666,77416.5562444942,1101.5565846666666,1209.6336908867438,1001.2554333333334,1.0887300047914943,114239.19913333333,76545.79881356763,1784.9874846666667,1196.0281052545552,1.0907998883333334,1.1928401201775245,1.0636666666666668,1.2091737109833862,1.3492333333333333,1.0415634082154255,1.5789666666666666,0.9194372971189136,342982,157029,65536,342982,0,0,False,
E,1,Micron_2450_MTFDKBA512TFK,65536,64k,1,sequential,ok,0,3,3,20261009,1000,250,250.01566666666668,0.012436371389328196,9978.041720000001,108.14089173087648,623.6276076666667,6.758805361206425,1000.0262,0.03891542110781999,10011.73723,58.67375795355785,625.7335763333333,3.6671089636442806,0.09949979956666667,0.0005755990241151744,0.0974333334,5.773496918394055e-05,0.12673333333333334,0.0027610384519838383,0.15906666666666666,0.013928507936363223,30036,30036,65536,30036,0,0,False,
E,1,Micron_2450_MTFDKBA512TFK,65536,64k,1,random,ok,0,3,3,20261009,1000,250,250.08346666666668,0.06142608023741316,6772.411256666666,73.32850883490347,423.2757036666667,4.583031373761959,1000.0311,0.02559941405580068,6676.7922,9.377898841766111,417.29951266666666,0.5861188071085296,0.149352725,0.00020646477450402787,0.14413333333333334,0.00110151410945722,0.17953333333333335,0.0016921386861996057,0.23263333333333333,0.013365752254674384,20031,20031,65536,20031,0,0,False,
E,1,Micron_2450_MTFDKBA512TFK,65536,64k,4,sequential,ok,0,3,3,20261009,1000,250,250.2143,0.17915903549639522,26199.315833333334,1286.9740672277364,1637.45724,80.43588196202435,1000.1051333333334,0.013891124264537775,26449.212033333333,786.0315064156296,1653.07575,49.12697050515217,0.150786966,0.004617481083242128,0.14846666666666666,0.0041860880704224675,0.17983333333333335,0.004966219219218303,0.21773333333333333,0.0018175074506954112,79356,79356,65536,79356,0,0,False,
E,1,Micron_2450_MTFDKBA512TFK,65536,64k,4,random,ok,0,3,3,20261009,1000,250,250.1749,0.03536113685955542,16528.428033333334,107.8947256821352,1033.02675,6.7434193821532284,1000.2069666666666,0.019530830328865604,16487.5869,57.79244448342582,1030.47418,3.6120284665129865,0.242112134,0.0008538574651942865,0.2347,0.00010000000000000286,0.33063333333333333,0.0018175074506954112,0.3868333333333333,0.005749202843293434,49473,49473,65536,49473,0,0,False,
E,1,Micron_2450_MTFDKBA512TFK,65536,64k,8,sequential,ok,0,3,3,20261009,1000,250,250.15733333333333,0.019106630611725864,42955.643266666666,234.49731924798925,2684.7277033333335,14.656080093279899,1000.1867666666667,0.003787259343285358,42692.693100000004,471.2887281522961,2668.2933166666667,29.455545319700484,0.18654395233333335,0.0019137785293895215,0.1802666666666667,0.0016072751268321607,0.23193333333333332,0.003401960219246161,0.2667,0.009119758768739444,128102,128102,65536,128102,0,0,False,
E,1,Micron_2450_MTFDKBA512TFK,65536,64k,8,random,ok,0,3,3,20261009,1000,250,250.34886666666665,0.01905107171087922,19431.5512,210.09250141221165,1214.47195,13.130783557507112,1000.4004,0.10627191538688402,19309.921366666666,197.4192322370426,1206.8700833333335,12.338701403913372,0.4136022363333333,0.004172782011620219,0.40836666666666666,0.0032807519463277472,0.5147666666666666,0.009128161552762602,0.5772,0.007758221445666534,57953,57953,65536,57953,0,0,False,
E,1,Micron_2450_MTFDKBA512TFK,65536,64k,16,sequential,ok,0,3,3,20261009,1000,250,250.32376666666667,0.022758368424229954,50073.81426666667,246.58497312255741,3129.6133933333335,15.41156443151163,1000.3204666666667,0.012581865256500804,50309.87763333334,34.014537307646975,3144.3673533333335,2.1259102919533204,0.31718534633333334,0.0002075937584859593,0.32256666666666667,0.0005859465277082191,0.42873333333333336,0.0010066445913694364,0.4766,0.0012288205727444307,150978,150978,65536,150978,0,0,False,
E,1,Micron_2450_MTFDKBA512TFK,65536,64k,16,random,ok,0,3,3,20261009,1000,250,250.8417,0.056206850116328734,19074.409966666666,247.79157222081372,1192.1506233333334,15.486970029067509,1000.8085666666667,0.017659369562188398,19096.225466666667,251.36728697468405,1193.5140933333332,15.710452578574397,0.8370547683333333,0.011146235949299388,0.8316666666666667,0.011036454744769008,0.9448,0.009829038610159152,1.0106666666666666,0.015662162473085724,57335,57335,65536,57335,0,0,False,
E,1,Micron_2450_MTFDKBA512TFK,65536,64k,32,sequential,ok,0,3,3,20261009,1000,250,250.56206666666665,0.042007777057747976,56232.2356,72.01936615070677,3514.514726666667,4.501207238401047,1000.5457,0.01084758037534894,56414.21396666667,189.59975285016202,3525.88837,11.849986225008957,0.5660919483333333,0.0017417084776019276,0.5681,0.0010583005244258455,0.6597666666666666,0.014981432953270315,0.7184,0.01408083804324163,169335,169335,65536,169335,0,0,False,
E,1,Micron_2450_MTFDKBA512TFK,65536,64k,32,random,ok,0,3,3,20261009,1000,250,251.6338333333333,0.06343692405321331,19311.158766666667,182.8891710464653,1206.9474266666666,11.430573127439166,1001.6244666666666,0.007630421569854153,19241.409833333335,90.76006442948017,1202.5881133333335,5.6725064448295575,1.6610531766666667,0.007830249236648405,1.6550666666666667,0.0060144270993447435,1.7755666666666667,0.00831885408775349,1.8664,0.02041641496443493,57818,57818,65536,57818,0,0,False,
E,1,Micron_2450_MTFDKBA512TFK,65536,64k,64,sequential,ok,0,3,3,20261009,1000,250,251.27403333333334,0.03545438383801067,49704.1253,964.8357727020561,3106.50783,60.3022303912913,1001.3290666666667,0.05066797147444225,48653.33763333333,1004.4401665410765,3040.8336,62.777512604684446,1.3137924633333333,0.02721282916164046,1.3091666666666666,0.021644937822348578,1.5868,0.06010249578844461,1.7450333333333334,0.065090270650331,146154,146154,65536,146154,0,0,False,
E,1,Micron_2450_MTFDKBA512TFK,65536,64k,64,random,ok,0,3,3,20261009,1000,250,253.3021,0.043617542342505616,19164.207533333334,28.35896512239721,1197.7629733333333,1.7724378032623795,1003.3592333333333,0.059094867233415914,19164.9559,64.09859038325229,1197.8097433333332,4.006164748813085,3.3330392266666666,0.011059125830287526,3.3488333333333333,0.016339318631244486,3.6232333333333333,0.03151703243221578,4.143866666666667,0.2139631821910801,57688,57688,65536,57688,0,0,False,
E,1,Micron_2450_MTFDKBA512TFK,1048576,1m,1,sequential,ok,0,3,3,20261009,1000,250,250.36096666666666,0.02891475978342036,2203.4829666666665,29.73831773842001,2203.4829666666665,29.73831773842001,1000.2476,0.11698734974347316,2217.1178,3.583630361477091,2217.1178,3.583630361477091,0.450479324,0.0007212786061349851,0.4437333336666667,0.0004932879483631448,0.487766667,0.0044992587463566665,0.5875333333333334,0.010830666338380706,6653,6653,65536,6653,0,0,False,
E,1,Micron_2450_MTFDKBA512TFK,1048576,1m,1,random,ok,0,3,3,20261009,1000,250,250.2654,0.1878379354656485,1996.5404566666666,26.42186659803644,1996.5404566666666,26.42186659803644,1000.3723333333334,0.40760285000638025,2012.25273,7.356472665421952,2012.25273,7.356472665421952,0.49641103000000003,0.0017322292272251448,0.4874,0.0017349351572897482,0.5426666666666666,0.004072263907623511,0.6199999996666666,0.006502307851832372,6039,6039,65536,6039,0,0,False,
E,1,Micron_2450_MTFDKBA512TFK,1048576,1m,4,sequential,ok,0,3,3,20261009,1000,250,250.9917,0.08778319884807645,3427.73698,3.4672123732043083,3427.73698,3.4672123732043083,1000.9224,0.08145501826161479,3441.159706666667,9.340675107878125,3441.159706666667,9.340675107878125,1.1614519766666667,0.003130431998452145,1.1544,0.0027874719729532945,1.2678333333333334,0.0028536526301099537,1.3269666666666666,0.018915954465300873,10333,10333,65536,10333,0,0,False,
E,1,Micron_2450_MTFDKBA512TFK,1048576,1m,4,random,ok,0,3,3,20261009,1000,250,251.1192333333333,0.1206921013709421,3287.9432666666667,14.906946364833749,3287.9432666666667,14.906946364833749,1000.9516666666667,0.06239826386471965,3307.18611,3.6623389625075595,3307.18611,3.6623389625075595,1.2084652166666667,0.0013078224892672074,1.2051333333333334,0.0024193663082166107,1.3589666666666667,0.0012583057392118737,1.4360333333333333,0.006542425645991953,9931,9931,65536,9931,0,0,False,
E,1,Micron_2450_MTFDKBA512TFK,1048576,1m,8,sequential,ok,0,3,3,20261009,1000,250,252.2189,0.06450031007677205,3411.0575433333333,17.680460657874196,3411.0575433333333,17.680460657874196,1002.1343666666667,0.04218084083241983,3428.0166933333335,5.495955790846063,3428.0166933333335,5.495955790846063,2.3308140366666668,0.0036573880604104845,2.3295333333333335,0.003900427327016099,2.6287333333333334,0.06166898193851865,3.0606999999999998,0.09259573424299862,10306,10306,65536,10306,0,0,False,
E,1,Micron_2450_MTFDKBA512TFK,1048576,1m,8,random,ok,0,3,3,20261009,1000,250,252.35346666666666,0.04838453609711235,3295.6417333333334,1.6887036311127672,3295.6417333333334,1.6887036311127672,1002.2555666666667,0.17001959690968624,3303.8815633333334,4.181298956117845,3303.8815633333334,4.181298956117845,2.4183866366666664,0.0030272831984194492,2.4139,0.0009539392014169337,2.6866,0.035433458764280876,3.0975,0.07115026352727023,9934,9934,65536,9934,0,0,False,
E,1,Micron_2450_MTFDKBA512TFK,1048576,1m,16,sequential,ok,0,3,3,20261009,1000,250,254.51236666666668,0.08432107289006449,3416.9929933333333,8.828847650612952,3416.9929933333333,8.828847650612952,1004.3998666666666,0.05911364760643079,3428.24952,1.6022215939438995,3428.24952,1.6022215939438995,4.656554896666667,0.002071136255835062,4.6604,0.004966890375275096,5.581266666666666,0.09611474045812828,6.8209,0.11137275250257561,10330,10330,65536,10330,0,0,False,
E,1,Micron_2450_MTFDKBA512TFK,1048576,1m,16,random,ok,0,3,3,20261009,1000,250,254.76393333333334,0.09211353501703047,3289.3182566666665,5.613555232838831,3289.3182566666665,5.613555232838831,1004.6805666666667,0.09726810028639933,3300.8834633333336,4.291044642815175,3300.8834633333336,4.291044642815175,4.835760446666667,0.006482046109573353,4.835466666666667,0.0035161532010611132,5.4317,0.05086934243726734,6.5816333333333334,0.15234678642273133,9949,9949,65536,9949,0,0,False,
E,1,Micron_2450_MTFDKBA512TFK,1048576,1m,32,sequential,ok,0,3,3,20261009,1000,250,259.2040666666667,0.06408387732757069,3400.15165,11.418029225741954,3400.15165,11.418029225741954,1009.2344,0.28990269057047235,3423.717436666667,0.4236260854022344,3423.717436666667,0.4236260854022344,9.303658746666667,0.0006864373775030429,9.343033333333333,0.008775154319630421,12.969899999999999,0.4634724263642872,15.1925,0.6274623175936545,10366,10366,65536,10366,0,0,False,
E,1,Micron_2450_MTFDKBA512TFK,1048576,1m,32,random,ok,0,3,3,20261009,1000,250,259.36643333333336,0.04681467006540646,3293.924023333333,2.077372473229831,3293.924023333333,2.077372473229831,1009.3741333333334,0.15668622572941054,3303.037153333333,3.3404503439556907,3303.037153333333,3.3404503439556907,9.6428887,0.009967596131821238,9.6912,0.01255746789762976,12.628333333333334,0.5446547193712118,15.2744,0.6171578323249248,10002,10002,65536,10002,0,0,False,
E,1,Micron_2450_MTFDKBA512TFK,1048576,1m,64,sequential,ok,0,3,3,20261009,1000,250,268.4599666666667,0.04120732135597324,3403.36364,8.265657902133176,3403.36364,8.265657902133176,1018.4533,0.100463475950241,3421.85495,8.054185998243552,3421.85495,8.054185998243552,18.534661633333336,0.04356938801605258,18.802433333333333,0.07616274242261362,31.554966666666665,0.7001167426460622,37.3967,1.4236478778124857,10455,10455,65536,10455,0,0,False,
E,1,Micron_2450_MTFDKBA512TFK,1048576,1m,64,random,ok,0,3,3,20261009,1000,250,269.2243666666667,0.14625335323789498,3298.3650566666665,4.419673519122471,3298.3650566666665,4.419673519122471,1018.9720333333333,0.06567680970736818,3304.9649066666666,3.3669128703060793,3304.9649066666666,3.3669128703060793,19.18475563333333,0.018422129522488926,19.5973,0.07682935636851378,30.6374,3.671425225985133,36.7504,3.596320120623303,10103,10103,65536,10103,0,0,False,
F,3,Realtek RTL9201,4096,4k,1,sequential,ok,0,3,3,20261009,1000,250,250.13653333333335,0.050737888538382,5207.846386666667,294.5572881685094,20.343149966666665,1.150614395973527,1000.0546666666667,0.016251256361645462,5251.377173333333,242.99997856220102,20.513192066666665,0.9492186791009348,0.190035305,0.008510874862011712,0.18666666666666668,0.0046436336347017385,0.25449999966666664,0.014558845744082878,0.3595333333333333,0.08775718394144912,15755,15755,65536,15755,0,0,False,
F,3,Realtek RTL9201,4096,4k,1,random,ok,0,3,3,20261009,1000,250,250.0773,0.024511017930715667,5542.281226666667,88.57793111953586,21.649536033333334,0.34600755284999674,1000.1264333333334,0.051672171749756315,5558.964646666666,66.4959709212827,21.714705666666667,0.2597498894757281,0.17942804,0.0020834350980956993,0.18280000000000002,0.0005291500732315923,0.22063333366666668,0.011020132626243677,0.275033333,0.023782416503935564,16679,16679,65536,16679,0,0,False,
F,3,Realtek RTL9201,4096,4k,4,sequential,ok,0,3,3,20261009,1000,250,250.2393,0.08438607705066627,15919.435533333333,224.08104131936997,62.185295100000005,0.8753165025159357,1000.1966666666667,0.023559569888545174,16108.499966666666,135.02866739805012,62.923828,0.5274556990771195,0.24766879833333333,0.002079812939254954,0.24789999966666665,0.00026457475314234857,0.35063333333333335,0.0010214368964029732,0.37623333366666667,0.015000111609584787,48335,48335,65536,48335,0,0,False,
F,3,Realtek RTL9201,4096,4k,4,random,ok,0,3,3,20261009,1000,250,250.15036666666666,0.05783609023206793,20093.258433333333,386.54937756752855,78.4892908,1.5099584034460969,1000.1847666666666,0.11181262600143559,19951.967733333335,601.2087388177612,77.93737386666666,2.348471635276932,0.19949544266666666,0.0056808378659899544,0.20046666666666665,0.001504437879519562,0.248033333,0.004398105076810594,0.2748333336666667,0.015129551378015166,59867,59867,65536,59867,0,0,False,
F,3,Realtek RTL9201,4096,4k,8,sequential,ok,0,3,3,20261009,1000,250,250.37716666666668,0.035823781672695544,24742.640433333334,352.51730267472374,96.65093913333334,1.3770206769980218,1000.3812666666666,0.11366487290860587,24884.854,128.55244285430678,97.20646086666666,0.5021578471645743,0.3203590293333333,0.0015436041009175027,0.30210000033333334,0.0008999995000000446,0.4915,0.0033151159708222863,0.5296666666666667,0.004916638417997928,74683,74683,65536,74683,0,0,False,
F,3,Realtek RTL9201,4096,4k,8,random,ok,0,3,3,20261009,1000,250,250.18743333333333,0.022028693409582294,35846.4566,343.97766362604193,140.02522100000002,1.3436624155527266,1000.1874333333333,0.02006298415824646,35985.2549,74.01729875258748,140.56740200000002,0.2891302643377202,0.22124586633333335,0.00043768781160814476,0.20356666633333334,5.7734738246002876e-05,0.2527666673333333,0.00011547034251413742,0.297466667,0.00040414609569808794,107976,107976,65536,107976,0,0,False,
F,3,Realtek RTL9201,4096,4k,16,sequential,ok,0,3,3,20261009,1000,250,250.46166666666664,0.03769540201846154,38378.449466666665,118.17090940541625,149.915818,0.46160479093809337,1000.5314333333333,0.05587882723657235,38049.7805,80.24732969058641,148.63195533333334,0.31346590343183717,0.4192914853333333,0.0008275727435080072,0.4020666666666667,0.00045092497528229514,0.6040333330000001,0.000680686099951348,0.662533333,0.010053025503134186,114210,114210,65536,114210,0,0,False,
F,3,Realtek RTL9201,4096,4k,16,random,ok,0,3,3,20261009,1000,250,250.30676666666668,0.011795055461224124,42649.011,562.300919163336,166.59769933333334,2.196487994491516,1000.3600333333334,0.04133840022703011,42598.99623333333,360.36290076161265,166.40232866666668,1.4076674858063365,0.3744432366666667,0.003116975160856473,0.3584,0.005230678732248812,0.4435333336666667,0.0028676359601595815,0.454633333,0.0043500952135173895,127843,127843,65536,127843,0,0,False,
F,3,Realtek RTL9201,4096,4k,32,sequential,ok,0,3,3,20261009,1000,250,250.7144,0.03483661866485289,42973.1728,768.3834298969563,167.86395633333333,3.0014977691179996,1000.7208,0.07083452548015691,42616.610433333335,255.7042875057487,166.47113466666667,0.9988450992853392,0.7493330543333333,0.004470203343385415,0.7493333333333333,0.002309401076758505,0.9542666666666667,0.0024785748593361308,1.0109,0.003407345007480248,127942,127942,65536,127942,0,0,False,
F,3,Realtek RTL9201,4096,4k,32,random,ok,0,3,3,20261009,1000,250,250.7345,0.037776580046369385,41418.25066666667,706.410147940844,161.79004133333333,2.759414552251319,1000.6893,0.0043092922852974915,42357.4698,94.52232810146027,165.45886666666667,0.3692278346080264,0.7542716736666667,0.0016833569883510364,0.7445,0.00026457513110649287,0.8511,0.00026457513110649287,0.8858,0.00017320508075686865,127160,127160,65536,127160,0,0,False,
F,3,Realtek RTL9201,4096,4k,64,sequential,ok,0,3,3,20261009,1000,250,251.44873333333334,0.12255065619299921,42125.25063333334,179.02031729570183,164.55176033333333,0.6992978810967003,1001.4209666666667,0.08989962921688253,42020.656866666664,558.558741998998,164.143191,2.1818701275110293,1.5209415333333334,0.020346616875857683,1.5195,0.026417229226396922,1.7722666666666667,0.02453596000431478,1.8524666666666667,0.004852147290976802,126241,126241,65536,126241,0,0,False,
F,3,Realtek RTL9201,4096,4k,64,random,ok,0,3,3,20261009,1000,250,251.4903,0.13200412872329798,42205.860133333335,675.4826288879485,164.86664100000002,2.638604332869172,1001.4718333333333,0.10403010782137813,42270.4564,133.6037071191888,165.11897033333335,0.5218898025870353,1.5119677333333332,0.0047864653748495925,1.4576,0.0012529964086142502,1.6924,0.0014933184523067697,1.7068333333333334,0.0019857828011475656,126998,126998,65536,126998,0,0,False,
F,3,Realtek RTL9201,16384,16k,1,sequential,ok,0,3,3,20261009,1000,250,250.11133333333333,0.06073626044903475,3357.167316666667,31.880430725362277,52.455739333333334,0.4981316603006213,1000.1026666666667,0.05103649021365868,3366.3211733333333,9.76914161952995,52.59876833333333,0.15264285488473592,0.29631430533333336,0.00084737351697603,0.2929333333333333,0.0019347695814575059,0.3397999996666667,0.0011789820609323619,0.4194333336666667,0.009662470817549725,10100,10100,65536,10100,0,0,False,
F,3,Realtek RTL9201,16384,16k,1,random,ok,0,3,3,20261009,1000,250,250.19693333333333,0.12167256606702354,3325.3797600000003,56.56972901650749,51.959058766666665,0.8839020286005074,1000.1258,0.07808482567054706,3358.5769166666664,17.350917599828282,52.47776433333333,0.2711081376968639,0.297015666,0.001519974762728304,0.2948,0.0021999999999999797,0.3381,0.00045825756949558806,0.396266666,0.01400083322401446,10077,10077,65536,10077,0,0,False,
F,3,Realtek RTL9201,16384,16k,4,sequential,ok,0,3,3,20261009,1000,250,250.36303333333333,0.004352393977267533,11042.631033333333,29.302761885586094,172.54111,0.4578563844405883,1000.3393,0.04067087409926482,11054.916466666667,27.061572177044315,172.73306933333333,0.4228372091542209,0.36132374366666664,0.0008771476106256693,0.3567666663333333,0.00020816700026740149,0.43063333333333337,0.00020816659994662146,0.47769999966666665,0.012260912971716253,33176,33176,65536,33176,0,0,False,
F,3,Realtek RTL9201,16384,16k,4,random,ok,0,3,3,20261009,1000,250,250.26183333333333,0.05471529341356747,12919.817966666667,138.0955103039317,201.87215566666666,2.157741565990999,1000.2776,0.015258112596222777,12918.080833333333,26.45017369022948,201.84501266666666,0.41328382317038737,0.30918616633333335,0.0006297227070944224,0.3007,0.00010000000000001674,0.36056666633333334,0.00041633376034178846,0.41580000033333336,0.00045825713305995157,38765,38765,65536,38765,0,0,False,
F,3,Realtek RTL9201,16384,16k,8,sequential,ok,0,3,3,20261009,1000,250,250.52536666666666,0.030945166558501255,13708.534166666666,126.71722142283298,214.19584633333332,1.9799565738647718,1000.6562,0.08885206806823981,13738.982633333333,36.18396098291764,214.67160333333334,0.5653740484407935,0.5815657586666667,0.0015567903173199903,0.5813333333333334,0.0007371114795831809,0.7323333333333333,0.0003511884584284439,0.8177333333333333,0.0013503080883021737,41244,41244,65536,41244,0,0,False,
F,3,Realtek RTL9201,16384,16k,8,random,ok,0,3,3,20261009,1000,250,250.38819999999998,0.04219561588602416,18448.6964,90.71374715791488,288.26088066666665,1.4174026078151998,1000.4149666666667,0.06475788240310307,18450.3446,22.72433360166972,288.28663466666666,0.355067532181317,0.43300306133333333,0.0005366263755485042,0.430833333,0.010977401576268744,0.5019000003333334,0.0012000000000001179,0.5720333333333334,0.0008144526587434634,55374,55374,65536,55374,0,0,False,
F,3,Realtek RTL9201,16384,16k,16,sequential,ok,0,3,3,20261009,1000,250,250.81623333333334,0.08311139111659163,18915.5867,76.46563755786016,295.55604266666666,1.1947751614242335,1000.8388666666667,0.04094707966798514,19066.3389,17.891947159825417,297.911545,0.27956181515544376,0.8382841493333333,0.0007992175799026273,0.8463000006666667,0.0006928209003777916,0.966466667,0.009338807582698476,1.1343999999999999,0.014996332885075648,57247,57247,65536,57247,0,0,False,
F,3,Realtek RTL9201,16384,16k,16,random,ok,0,3,3,20261009,1000,250,250.81893333333332,0.024043363602737046,18929.9766,218.86955551542638,295.78088433333335,3.41983610518756,1000.7881333333333,0.02646400070539757,19071.968966666667,91.04508566733954,297.9995153333333,1.422579981693967,0.8380826233333334,0.004005857753942857,0.8464333336666666,0.0008962880675320297,0.9009,0.0010440306508910677,0.9984333333333334,0.001301281419729567,57261,57261,65536,57261,0,0,False,
F,3,Realtek RTL9201,16384,16k,32,sequential,ok,0,3,3,20261009,1000,250,251.6131,0.028842330002972864,19058.362666666668,49.38497890799847,297.78691633333335,0.7716404448215051,1001.5962666666667,0.03665328543705693,18999.00673333333,37.75442569783528,296.85947966666663,0.5899131717382878,1.68227357,0.003469751121060405,1.6544666666666668,0.0008621678104251746,1.9537,0.001969771560359218,2.2871333333333332,0.019417861193585073,57088,57088,65536,57088,0,0,False,
F,3,Realtek RTL9201,16384,16k,32,random,ok,0,3,3,20261009,1000,250,251.66693333333333,0.05854864074710848,18789.369,112.60354130004072,293.58389033333333,1.7594303918124639,1001.5754,0.06073079943492344,18977.1043,34.392129708554705,296.517255,0.5373771107174248,1.6843236033333333,0.0030923066956938558,1.6539666666666666,0.0012055427546683133,1.8899666666666666,0.008882191921667455,2.13,0.053372558492168896,57021,57021,65536,57021,0,0,False,
F,3,Realtek RTL9201,16384,16k,64,sequential,ok,0,3,3,20261009,1000,250,253.36133333333333,0.12113506236154546,18883.469433333332,116.74688018205624,295.05421,1.8241702772003017,1003.4205,0.1515118147208493,18846.8649,43.78655874729098,294.48226466666665,0.6841648167169445,3.38934132,0.00788348147751357,3.3537,0.0014798648586948912,3.6999,0.011337107214805861,4.0765,0.07443567692981622,56734,56734,65536,56734,0,0,False,
F,3,Realtek RTL9201,16384,16k,64,random,ok,0,3,3,20261009,1000,250,253.3466,0.09443479231724371,18891.092033333334,97.44412170543376,295.1733126666667,1.5225638845862484,1003.3284666666667,0.18414234530202844,18911.057033333334,15.497462349151537,295.48526666666663,0.242148567318357,3.3779812666666666,0.002542911432400541,3.3487999999999998,0.002351595203261041,3.6035666666666666,0.0037740340927624226,3.8406333333333333,0.04468471028588343,56922,56922,65536,56922,0,0,False,
F,3,Realtek RTL9201,65536,64k,1,sequential,ok,0,3,3,20261009,1000,250,250.4306,0.10650591532867934,1856.8053033333333,16.548626513201466,116.05033133333333,1.0342892159049797,1000.2858666666666,0.2137119868732597,1870.1322066666667,6.853673268797762,116.88326266666667,0.42835400728525147,0.5336491953333333,0.0019335387157211358,0.5281666666666667,0.0014153915830375126,0.5790999996666667,0.00827103321840751,0.7201000003333333,0.024322212045782346,5612,5612,65536,5612,0,0,False,
F,3,Realtek RTL9201,65536,64k,1,random,ok,0,3,3,20261009,1000,250,250.22906666666665,0.16039919991487694,1855.63327,4.576972824553347,115.97707933333334,0.2860605734671121,1000.1229000000001,0.06844822861110875,1858.4383366666666,2.1741869065315362,116.15239633333333,0.1358869588162621,0.5369481336666666,0.0007188737896747726,0.5304,0.0003605551275464208,0.5758666666666666,0.0073111786555474815,0.710866667,0.00949333078359053,5576,5576,65536,5576,0,0,False,
F,3,Realtek RTL9201,65536,64k,4,sequential,ok,0,3,3,20261009,1000,250,250.74466666666666,0.17302613482746584,4698.0094733333335,7.177051981568378,293.6255923333333,0.44856594944591377,1000.6688333333333,0.09791579715925064,4741.82991,22.068816183302996,296.364369,1.3793013219826213,0.842701842,0.003915935078469667,0.8362333336666666,0.007504887860587923,0.965400001,0.0013228756555323175,1.0633666666666666,0.013573994744854326,14235,14235,65536,14235,0,0,False,
F,3,Realtek RTL9201,65536,64k,4,random,ok,0,3,3,20261009,1000,250,250.6582,0.11365953545567363,4944.342286666667,87.53490237226767,309.021393,5.470931384472235,1001.0579333333333,0.7103170653541258,4666.299743333333,500.958088010254,291.64373366666666,31.309880794286414,0.86329751,0.09849644569980306,0.7806666663333334,0.004980295061540022,1.4087999996666667,0.7613254300504483,2.0776333333333334,1.7940293596631394,14013,14013,65536,14013,0,0,False,
F,3,Realtek RTL9201,65536,64k,8,sequential,ok,0,3,3,20261009,1000,250,251.86633333333333,1.068315741404827,4628.811313333334,1661.42442718784,289.300707,103.83902684095875,1001.3491333333334,0.056233115984568004,4991.619746666667,1003.8117840545062,311.976234,62.738236794183486,1.6515635666666666,0.3757445691493519,1.4533333333333334,0.03852795521868942,2.6295,1.7229580697161493,3.3371999999999997,2.510274130448704,14995,14995,65536,14995,0,0,False,
F,3,Realtek RTL9201,65536,64k,8,random,ok,0,3,3,20261009,1000,250,251.9988,1.209729089507229,5632.50756,67.07005835500355,352.03172233333333,4.191879167190927,1001.9775666666667,1.1101074602637548,5671.112883333333,7.966257778620479,354.444555,0.49789130130079573,1.40856673,0.003117945929277787,1.4099,0.003122498999199193,1.6207666666666667,0.006468642309892603,1.7804,0.018851790365904276,17047,17047,65536,17047,0,0,False,
F,3,Realtek RTL9201,65536,64k,16,sequential,ok,0,3,3,20261009,1000,250,252.477,0.15824408361767425,6276.477413333333,74.21024818837769,392.2798383333333,4.638140405228936,1002.3474333333334,0.04606759526315328,6282.584406666667,32.169551143030304,392.6615253333334,2.0105972766967373,2.5432366733333334,0.013100181568048201,2.4858,0.0007000000000000498,2.8886666666666665,0.004701418225741395,3.2057,0.0722641681609912,18892,18892,65536,18892,0,0,False,
F,3,Realtek RTL9201,65536,64k,16,random,ok,0,3,3,20261009,1000,250,252.43986666666666,0.06397986662483848,6315.6951500000005,47.649562009110966,394.730947,2.978097792432458,1002.4571333333333,0.032959722895273796,6303.511386666667,11.934691757365618,393.9694616666667,0.7459183561183782,2.53478398,0.004823905392013749,2.4931,0.0071042240955644115,2.8272333333333335,0.023149370041824647,3.1929000000000003,0.055675129097290825,18957,18957,65536,18957,0,0,False,
F,3,Realtek RTL9201,65536,64k,32,sequential,ok,0,3,3,20261009,1000,250,255.03603333333334,0.21864712056949392,6306.322993333333,65.90001121405751,394.145187,4.118750192366729,1004.8900666666667,0.020924228380782676,6363.2166566666665,36.536202151387506,397.70104100000003,2.2835127831170507,5.01635253,0.028947004688591047,4.975833333333333,0.012966238210573435,5.4136,0.055517925033272096,6.079633333333334,0.4660171277252943,19183,19183,65536,19183,0,0,False,
F,3,Realtek RTL9201,65536,64k,32,random,ok,0,3,3,20261009,1000,250,254.98930000000001,0.049119853419979514,6333.598686666666,9.918515091757797,395.84991766666667,0.6199070902138055,1005.0179666666667,0.13050985914228702,6354.114140000001,14.307433737637764,397.132134,0.8942146867508868,5.022931393333334,0.011927556144161576,4.991133333333333,0.003234707611722075,5.4304,0.01794240786516653,6.2632666666666665,0.4075744635441886,19158,19158,65536,19158,0,0,False,
F,3,Realtek RTL9201,65536,64k,64,sequential,ok,0,3,3,20261009,1000,250,259.83279999999996,0.07683885735745476,6306.6159,68.87864379049309,394.1634936666667,4.30491524796496,1009.8576333333334,0.03807707096577601,6351.059560000001,47.80923074103052,396.9412223333333,2.9880765618970306,10.027876903333333,0.07585968799670659,9.9759,0.03269510666751188,10.5301,0.16043777610026835,11.463466666666667,1.090478249821304,19241,19241,65536,19241,0,0,False,
F,3,Realtek RTL9201,65536,64k,64,random,ok,0,3,3,20261009,1000,250,260.07523333333336,0.35192694317619666,6354.5659633333335,7.864701296466073,397.16037266666666,0.49154380938664677,1009.8121333333333,0.04467038541734888,6354.97731,20.381935644209683,397.186082,1.2738708364539997,10.021410936666667,0.03197246538806587,9.976133333333333,0.026397790311564407,10.521633333333334,0.11679744574832703,12.004166666666666,0.7770863808698059,19252,19252,65536,19252,0,0,False,
F,3,Realtek RTL9201,1048576,1m,1,sequential,ok,0,3,3,20261009,1000,250,251.7757,0.4770754971700009,285.9695056666667,0.5423048310722833,285.9695056666667,0.5423048310722833,1000.6030666666667,0.6102928013120176,284.1615096666667,1.382527584210988,284.1615096666667,1.382527584210988,3.5170936133333335,0.017021388640590857,3.4934,0.010641898326896347,3.847166666666667,0.023459823812921894,4.0484333333333336,0.06469392037381365,853,853,65536,853,0,0,False,
F,3,Realtek RTL9201,1048576,1m,1,random,ok,0,3,3,20261009,1000,250,250.82633333333334,0.6655631174677077,284.391419,1.7596935439638408,284.391419,1.7596935439638408,1001.8792333333333,0.8292842958439383,283.7996253333333,1.3936686765574158,283.7996253333333,1.3936686765574158,3.5215299233333335,0.017236615259540806,3.5089,0.01854292317839862,3.812466666666667,0.033416213629514475,3.9810666666666665,0.10888421985454695,853,853,65536,853,0,0,False,
F,3,Realtek RTL9201,1048576,1m,4,sequential,ok,0,3,3,20261009,1000,250,259.01259999999996,0.7994310914644197,382.2152986666667,2.687303192186224,382.2152986666667,2.687303192186224,1008.7875666666666,0.9897232660361858,385.6103953333333,1.6149895536462053,385.6103953333333,1.6149895536462053,10.331759266666667,0.04486734012278119,10.326466666666667,0.018355471482185585,10.911733333333332,0.06527253123124079,12.119766666666667,0.7473709743717197,1167,1167,65536,1167,0,0,False,
F,3,Realtek RTL9201,1048576,1m,4,random,ok,0,3,3,20261009,1000,250,258.5102,0.7179370654869541,390.7022626666667,1.0866320807712646,390.7022626666667,1.0866320807712646,1007.9245666666667,0.8733283479501314,391.5641176666667,0.8427916654727572,391.5641176666667,0.8427916654727572,10.178507133333333,0.020512112819096515,10.2338,0.016908873410136038,10.568933333333334,0.09066103536433572,11.2319,0.7957980397060543,1184,1184,65536,1184,0,0,False,
F,3,Realtek RTL9201,1048576,1m,8,sequential,ok,0,3,3,20261009,1000,250,267.0910666666667,1.0792377603351802,440.5480493333333,0.6554330669338849,440.5480493333333,0.6554330669338849,1016.2265666666666,0.14433101999684558,442.15873,1.1986682200709182,442.15873,1.1986682200709182,17.950154566666665,0.04766849400613974,18.027333333333335,0.005253887449625589,18.124366666666667,0.03461074014425716,19.045666666666666,1.4886399374373027,1348,1348,65536,1348,0,0,False,
F,3,Realtek RTL9201,1048576,1m,8,random,ok,0,3,3,20261009,1000,250,267.23586666666665,1.0659349761281531,440.30908266666665,0.4079007538241987,440.30908266666665,0.4079007538241987,1016.3687666666667,0.6477973860192181,441.112999,1.5378198860754124,441.112999,1.5378198860754124,17.993479366666666,0.06299228642185753,18.03033333333333,0.0022030282189145745,18.1308,0.03712425083419114,20.354366666666667,1.9102613049877049,1345,1345,65536,1345,0,0,False,
F,3,Realtek RTL9201,1048576,1m,16,sequential,ok,0,3,3,20261009,1000,250,285.1229,0.9977945329575619,440.744483,0.48379978962686787,440.744483,0.48379978962686787,1035.4941333333334,2.4334038060570897,441.0144416666667,1.6253715323132336,441.0144416666667,1.6253715323132336,35.65569683333333,0.11589441561500266,36.06373333333333,0.0028148416178030863,37.058,1.5537585365815383,38.7009,2.0799401986595654,1370,1370,65536,1370,0,0,False,
F,3,Realtek RTL9201,1048576,1m,16,random,ok,0,3,3,20261009,1000,250,285.79086666666666,0.13008160259366922,440.88189,0.2006345743659362,440.88189,0.2006345743659362,1034.5849333333333,0.9403950889564576,442.0461403333333,1.5136677518611106,442.0461403333333,1.5136677518611106,35.60327146666667,0.12403557003667907,36.06556666666667,0.0023965252624000197,37.09996666666667,1.6987475984775782,37.248733333333334,1.8076369362605242,1372,1372,65536,1372,0,0,False,
F,3,Realtek RTL9201,1048576,1m,32,sequential,ok,0,3,3,20261009,1000,250,321.7852,0.20849347711618188,438.18293133333333,5.66259474259321,438.18293133333333,5.66259474259321,1070.6973333333333,0.8427919217300237,442.08023833333334,1.4249275068586178,442.08023833333334,1.4249275068586178,70.02124696666667,0.22848157711835843,72.12816666666666,0.0038475100173145874,73.23966666666666,1.749436050083953,74.29203333333334,3.386980686885196,1420,1420,65536,1420,0,0,False,
F,3,Realtek RTL9201,1048576,1m,32,random,ok,0,3,3,20261009,1000,250,321.3910333333333,0.8269947178388367,438.71088933333334,4.313556610340733,438.71088933333334,4.313556610340733,1070.6406333333332,0.8616406694982622,442.10366666666664,1.4303377698674158,442.10366666666664,1.4303377698674158,70.01251803333334,0.23248371186584713,72.1303,0.005692978130991644,73.26603333333334,1.8327556338293793,74.22513333333333,3.3003490911316256,1420,1420,65536,1420,0,0,False,
F,3,Realtek RTL9201,1048576,1m,64,sequential,ok,0,3,3,20261009,1000,250,393.35813333333334,1.0430329301289454,438.9590846666666,4.3091977459409145,438.9590846666666,4.3091977459409145,1142.7032000000002,1.2503674939792946,442.2273226666667,1.4928871850392067,442.2273226666667,1.4928871850392067,135.73409266666667,0.462035208842726,144.20856666666666,0.04745211621553911,146.43066666666667,3.5121120957812932,146.534,3.515138755440533,1516,1516,65536,1516,0,0,False,
F,3,Realtek RTL9201,1048576,1m,64,random,ok,0,3,3,20261009,1000,250,393.5698,0.281092209070251,439.5644833333333,4.117867677574177,439.5644833333333,4.117867677574177,1143.3019666666667,0.9592143521306332,442.2866166666667,1.4886975563442566,442.2866166666667,1.4886975563442566,135.71767599999998,0.4685697502314928,144.18026666666668,0.05088323233967673,146.53746666666666,3.7908218915339877,146.6077,3.8122694540129287,1517,1517,65536,1517,0,0,False,
