rows,formal_index,request_id,input_sha256,output_sha256,input_bytes,output_bytes,rtt_ns_after_owned_output_copy,wire_rtt_ns_before_numpy_output_copy,worker_wall_ns,rtt_minus_worker_ns_descriptive,f32_reference_pass,f32_max_abs,f32_relative_rmse,f32_row_norm_relative,native_cpu_informational_pass,native_cpu_relative_rmse
1,1,3,69d264a3988328a542e8938420242f1b3b245baf190aa874c1c685f812c81f98,05d396332ef0feadffa79b47bcc5504a0ceed769ad339d89b6cd579485974e78,10240,10240,767400,754600,476800,290600,True,2.0489096641540527e-08,8.79305246482558e-07,1.1074225345641604e-08,False,0.011056878086845974
1,2,4,69d264a3988328a542e8938420242f1b3b245baf190aa874c1c685f812c81f98,05d396332ef0feadffa79b47bcc5504a0ceed769ad339d89b6cd579485974e78,10240,10240,783900,775000,481100,302800,True,2.0489096641540527e-08,8.79305246482558e-07,1.1074225345641604e-08,False,0.011056878086845974
1,3,5,69d264a3988328a542e8938420242f1b3b245baf190aa874c1c685f812c81f98,05d396332ef0feadffa79b47bcc5504a0ceed769ad339d89b6cd579485974e78,10240,10240,739500,723000,442900,296600,True,2.0489096641540527e-08,8.79305246482558e-07,1.1074225345641604e-08,False,0.011056878086845974
1,4,6,69d264a3988328a542e8938420242f1b3b245baf190aa874c1c685f812c81f98,05d396332ef0feadffa79b47bcc5504a0ceed769ad339d89b6cd579485974e78,10240,10240,709500,696100,427900,281600,True,2.0489096641540527e-08,8.79305246482558e-07,1.1074225345641604e-08,False,0.011056878086845974
1,5,7,69d264a3988328a542e8938420242f1b3b245baf190aa874c1c685f812c81f98,05d396332ef0feadffa79b47bcc5504a0ceed769ad339d89b6cd579485974e78,10240,10240,717600,706300,437200,280400,True,2.0489096641540527e-08,8.79305246482558e-07,1.1074225345641604e-08,False,0.011056878086845974
2,1,10,82ef94289d545924bb39b6e8026d906072b4d6c9c284ae4b6afdcd49f5ce1a19,82d2adb9c6bcc83c161df4e4483f403519e87267c05e9d90099795277cf85e61,20480,20480,1065600,1044100,451300,614300,True,2.0489096641540527e-08,7.269745683055499e-07,9.696616719251814e-08,False,0.012339318633398759
2,2,11,82ef94289d545924bb39b6e8026d906072b4d6c9c284ae4b6afdcd49f5ce1a19,82d2adb9c6bcc83c161df4e4483f403519e87267c05e9d90099795277cf85e61,20480,20480,760000,730400,427600,332400,True,2.0489096641540527e-08,7.269745683055499e-07,9.696616719251814e-08,False,0.012339318633398759
2,3,12,82ef94289d545924bb39b6e8026d906072b4d6c9c284ae4b6afdcd49f5ce1a19,82d2adb9c6bcc83c161df4e4483f403519e87267c05e9d90099795277cf85e61,20480,20480,714600,696100,416700,297900,True,2.0489096641540527e-08,7.269745683055499e-07,9.696616719251814e-08,False,0.012339318633398759
2,4,13,82ef94289d545924bb39b6e8026d906072b4d6c9c284ae4b6afdcd49f5ce1a19,82d2adb9c6bcc83c161df4e4483f403519e87267c05e9d90099795277cf85e61,20480,20480,670300,651500,408300,262000,True,2.0489096641540527e-08,7.269745683055499e-07,9.696616719251814e-08,False,0.012339318633398759
2,5,14,82ef94289d545924bb39b6e8026d906072b4d6c9c284ae4b6afdcd49f5ce1a19,82d2adb9c6bcc83c161df4e4483f403519e87267c05e9d90099795277cf85e61,20480,20480,646300,623900,405200,241100,True,2.0489096641540527e-08,7.269745683055499e-07,9.696616719251814e-08,False,0.012339318633398759
4,1,17,8f12c69a374c5c1c1fc1c7c354bc78fa4a08b02280d83578b35291e964e76529,e10d5d98c36737cb4fd10665a40c1656ba5f3323f79dfa62064e2148891ac28f,40960,40960,688200,659000,451500,236700,True,2.1420419216156006e-08,8.079131007566013e-07,8.88901829303638e-08,False,0.012217860576061756
4,2,18,8f12c69a374c5c1c1fc1c7c354bc78fa4a08b02280d83578b35291e964e76529,e10d5d98c36737cb4fd10665a40c1656ba5f3323f79dfa62064e2148891ac28f,40960,40960,1096000,1085800,726900,369100,True,2.1420419216156006e-08,8.079131007566013e-07,8.88901829303638e-08,False,0.012217860576061756
4,3,19,8f12c69a374c5c1c1fc1c7c354bc78fa4a08b02280d83578b35291e964e76529,e10d5d98c36737cb4fd10665a40c1656ba5f3323f79dfa62064e2148891ac28f,40960,40960,727500,701100,398500,329000,True,2.1420419216156006e-08,8.079131007566013e-07,8.88901829303638e-08,False,0.012217860576061756
4,4,20,8f12c69a374c5c1c1fc1c7c354bc78fa4a08b02280d83578b35291e964e76529,e10d5d98c36737cb4fd10665a40c1656ba5f3323f79dfa62064e2148891ac28f,40960,40960,672400,645900,409200,263200,True,2.1420419216156006e-08,8.079131007566013e-07,8.88901829303638e-08,False,0.012217860576061756
4,5,21,8f12c69a374c5c1c1fc1c7c354bc78fa4a08b02280d83578b35291e964e76529,e10d5d98c36737cb4fd10665a40c1656ba5f3323f79dfa62064e2148891ac28f,40960,40960,667500,648300,392700,274800,True,2.1420419216156006e-08,8.079131007566013e-07,8.88901829303638e-08,False,0.012217860576061756
8,1,24,99d0e640b2f5fd9765f89509300c73ff6fb62f7c560d22e5c39408401b84273f,88c9d49462f3aa106fea7de0e52fd35fc869f4c140800230b3ed5dff32f9ef2b,81920,81920,1095800,1067000,467700,628100,True,4.0978193283081055e-08,8.856564847347482e-07,5.6709282743721e-07,False,0.012996193710008996
8,2,25,99d0e640b2f5fd9765f89509300c73ff6fb62f7c560d22e5c39408401b84273f,88c9d49462f3aa106fea7de0e52fd35fc869f4c140800230b3ed5dff32f9ef2b,81920,81920,1016000,995300,501100,514900,True,4.0978193283081055e-08,8.856564847347482e-07,5.6709282743721e-07,False,0.012996193710008996
8,3,26,99d0e640b2f5fd9765f89509300c73ff6fb62f7c560d22e5c39408401b84273f,88c9d49462f3aa106fea7de0e52fd35fc869f4c140800230b3ed5dff32f9ef2b,81920,81920,918200,900100,514200,404000,True,4.0978193283081055e-08,8.856564847347482e-07,5.6709282743721e-07,False,0.012996193710008996
8,4,27,99d0e640b2f5fd9765f89509300c73ff6fb62f7c560d22e5c39408401b84273f,88c9d49462f3aa106fea7de0e52fd35fc869f4c140800230b3ed5dff32f9ef2b,81920,81920,1124900,1092400,475600,649300,True,4.0978193283081055e-08,8.856564847347482e-07,5.6709282743721e-07,False,0.012996193710008996
8,5,28,99d0e640b2f5fd9765f89509300c73ff6fb62f7c560d22e5c39408401b84273f,88c9d49462f3aa106fea7de0e52fd35fc869f4c140800230b3ed5dff32f9ef2b,81920,81920,1047800,1022000,490000,557800,True,4.0978193283081055e-08,8.856564847347482e-07,5.6709282743721e-07,False,0.012996193710008996
16,1,31,bde93fa4f089a8f8c59b001c200c08e312d8227bd13e8375679b026fa7a7b60f,01d220efe6b55a1b7b16420e36d3686e8ff95b7cea73ddf10cf24907b595feea,163840,163840,1079300,1062900,475200,604100,True,2.7939677238464355e-08,8.421540989489114e-07,1.1732227691216772e-07,False,0.012315222072681185
16,2,32,bde93fa4f089a8f8c59b001c200c08e312d8227bd13e8375679b026fa7a7b60f,01d220efe6b55a1b7b16420e36d3686e8ff95b7cea73ddf10cf24907b595feea,163840,163840,906500,878000,501700,404800,True,2.7939677238464355e-08,8.421540989489114e-07,1.1732227691216772e-07,False,0.012315222072681185
16,3,33,bde93fa4f089a8f8c59b001c200c08e312d8227bd13e8375679b026fa7a7b60f,01d220efe6b55a1b7b16420e36d3686e8ff95b7cea73ddf10cf24907b595feea,163840,163840,864900,850700,467800,397100,True,2.7939677238464355e-08,8.421540989489114e-07,1.1732227691216772e-07,False,0.012315222072681185
16,4,34,bde93fa4f089a8f8c59b001c200c08e312d8227bd13e8375679b026fa7a7b60f,01d220efe6b55a1b7b16420e36d3686e8ff95b7cea73ddf10cf24907b595feea,163840,163840,830400,816000,447700,382700,True,2.7939677238464355e-08,8.421540989489114e-07,1.1732227691216772e-07,False,0.012315222072681185
16,5,35,bde93fa4f089a8f8c59b001c200c08e312d8227bd13e8375679b026fa7a7b60f,01d220efe6b55a1b7b16420e36d3686e8ff95b7cea73ddf10cf24907b595feea,163840,163840,921400,909400,446900,474500,True,2.7939677238464355e-08,8.421540989489114e-07,1.1732227691216772e-07,False,0.012315222072681185
32,1,38,1f3cd3e4a9fc4297cb0bb416a2c05a7f84b75f027d45d67dd4685de831f03e75,339376b285fef98da29efd2eeb6629418fc72633857eb341a7bd92f667d5fb88,327680,327680,1538700,1512000,659500,879200,True,2.7939677238464355e-08,8.555413257690874e-07,3.072829625915855e-07,False,0.012523950547510092
32,2,39,1f3cd3e4a9fc4297cb0bb416a2c05a7f84b75f027d45d67dd4685de831f03e75,339376b285fef98da29efd2eeb6629418fc72633857eb341a7bd92f667d5fb88,327680,327680,2571700,2543800,1527000,1044700,True,2.7939677238464355e-08,8.555413257690874e-07,3.072829625915855e-07,False,0.012523950547510092
32,3,40,1f3cd3e4a9fc4297cb0bb416a2c05a7f84b75f027d45d67dd4685de831f03e75,339376b285fef98da29efd2eeb6629418fc72633857eb341a7bd92f667d5fb88,327680,327680,1774200,1745600,719800,1054400,True,2.7939677238464355e-08,8.555413257690874e-07,3.072829625915855e-07,False,0.012523950547510092
32,4,41,1f3cd3e4a9fc4297cb0bb416a2c05a7f84b75f027d45d67dd4685de831f03e75,339376b285fef98da29efd2eeb6629418fc72633857eb341a7bd92f667d5fb88,327680,327680,2191400,2166500,1167700,1023700,True,2.7939677238464355e-08,8.555413257690874e-07,3.072829625915855e-07,False,0.012523950547510092
32,5,42,1f3cd3e4a9fc4297cb0bb416a2c05a7f84b75f027d45d67dd4685de831f03e75,339376b285fef98da29efd2eeb6629418fc72633857eb341a7bd92f667d5fb88,327680,327680,1875200,1782000,628400,1246800,True,2.7939677238464355e-08,8.555413257690874e-07,3.072829625915855e-07,False,0.012523950547510092
64,1,45,6343140782767ded9bae8bf6898233041f1344ae86ae1e991ae50b66527e5ccf,29776d41be25e9100941b81af2c75b40aa46fccd7b40a69849b4ec134c65c602,655360,655360,2886500,2671300,792100,2094400,True,6.51925802230835e-08,1.076495875404587e-06,2.648822834025157e-07,False,0.012404295176528473
64,2,46,6343140782767ded9bae8bf6898233041f1344ae86ae1e991ae50b66527e5ccf,29776d41be25e9100941b81af2c75b40aa46fccd7b40a69849b4ec134c65c602,655360,655360,3629000,3377600,1473800,2155200,True,6.51925802230835e-08,1.076495875404587e-06,2.648822834025157e-07,False,0.012404295176528473
64,3,47,6343140782767ded9bae8bf6898233041f1344ae86ae1e991ae50b66527e5ccf,29776d41be25e9100941b81af2c75b40aa46fccd7b40a69849b4ec134c65c602,655360,655360,4142600,3913900,1453700,2688900,True,6.51925802230835e-08,1.076495875404587e-06,2.648822834025157e-07,False,0.012404295176528473
64,4,48,6343140782767ded9bae8bf6898233041f1344ae86ae1e991ae50b66527e5ccf,29776d41be25e9100941b81af2c75b40aa46fccd7b40a69849b4ec134c65c602,655360,655360,4679500,4521800,1928100,2751400,True,6.51925802230835e-08,1.076495875404587e-06,2.648822834025157e-07,False,0.012404295176528473
64,5,49,6343140782767ded9bae8bf6898233041f1344ae86ae1e991ae50b66527e5ccf,29776d41be25e9100941b81af2c75b40aa46fccd7b40a69849b4ec134c65c602,655360,655360,3999800,3780400,1789400,2210400,True,6.51925802230835e-08,1.076495875404587e-06,2.648822834025157e-07,False,0.012404295176528473
128,1,52,e08545779c1d81b6b617d9b66c26bc377e14ae4a2ec1fcc0317a30276bd5f2d6,c803eaf09eb2132cdffc6a80696e07fcf845bb94ddb9f904589f2e19f3987882,1310720,1310720,7873700,7518800,2551500,5322200,True,4.470348358154297e-08,1.0820758235840386e-06,2.902817784199816e-07,False,0.012369887820199054
128,2,53,e08545779c1d81b6b617d9b66c26bc377e14ae4a2ec1fcc0317a30276bd5f2d6,c803eaf09eb2132cdffc6a80696e07fcf845bb94ddb9f904589f2e19f3987882,1310720,1310720,11023100,10633400,4624200,6398900,True,4.470348358154297e-08,1.0820758235840386e-06,2.902817784199816e-07,False,0.012369887820199054
128,3,54,e08545779c1d81b6b617d9b66c26bc377e14ae4a2ec1fcc0317a30276bd5f2d6,c803eaf09eb2132cdffc6a80696e07fcf845bb94ddb9f904589f2e19f3987882,1310720,1310720,12002800,11548800,3458300,8544500,True,4.470348358154297e-08,1.0820758235840386e-06,2.902817784199816e-07,False,0.012369887820199054
128,4,55,e08545779c1d81b6b617d9b66c26bc377e14ae4a2ec1fcc0317a30276bd5f2d6,c803eaf09eb2132cdffc6a80696e07fcf845bb94ddb9f904589f2e19f3987882,1310720,1310720,8606500,8194000,3185500,5421000,True,4.470348358154297e-08,1.0820758235840386e-06,2.902817784199816e-07,False,0.012369887820199054
128,5,56,e08545779c1d81b6b617d9b66c26bc377e14ae4a2ec1fcc0317a30276bd5f2d6,c803eaf09eb2132cdffc6a80696e07fcf845bb94ddb9f904589f2e19f3987882,1310720,1310720,8646100,8268000,2885700,5760400,True,4.470348358154297e-08,1.0820758235840386e-06,2.902817784199816e-07,False,0.012369887820199054
256,1,59,85afa833dcabbf3155cb1e0bc55e3434592a422a8298b7dcb483c87a324ce69b,3e43eb73ef9482840be1fd1dfc624db14e882df16e331712f5dd4f126ef11e70,2621440,2621440,17795600,16922200,5218900,12576700,True,3.91155481338501e-08,1.0786302996177604e-06,4.082284747114061e-07,False,0.012444534009332807
256,2,60,85afa833dcabbf3155cb1e0bc55e3434592a422a8298b7dcb483c87a324ce69b,3e43eb73ef9482840be1fd1dfc624db14e882df16e331712f5dd4f126ef11e70,2621440,2621440,17253500,16443200,5269400,11984100,True,3.91155481338501e-08,1.0786302996177604e-06,4.082284747114061e-07,False,0.012444534009332807
256,3,61,85afa833dcabbf3155cb1e0bc55e3434592a422a8298b7dcb483c87a324ce69b,3e43eb73ef9482840be1fd1dfc624db14e882df16e331712f5dd4f126ef11e70,2621440,2621440,17085400,16310200,5008400,12077000,True,3.91155481338501e-08,1.0786302996177604e-06,4.082284747114061e-07,False,0.012444534009332807
256,4,62,85afa833dcabbf3155cb1e0bc55e3434592a422a8298b7dcb483c87a324ce69b,3e43eb73ef9482840be1fd1dfc624db14e882df16e331712f5dd4f126ef11e70,2621440,2621440,17659100,16758400,4756300,12902800,True,3.91155481338501e-08,1.0786302996177604e-06,4.082284747114061e-07,False,0.012444534009332807
256,5,63,85afa833dcabbf3155cb1e0bc55e3434592a422a8298b7dcb483c87a324ce69b,3e43eb73ef9482840be1fd1dfc624db14e882df16e331712f5dd4f126ef11e70,2621440,2621440,17930900,17121700,5285600,12645300,True,3.91155481338501e-08,1.0786302996177604e-06,4.082284747114061e-07,False,0.012444534009332807
