rows,formal_count,client_rtt_ns_formals,client_rtt_median_ms,client_rtt_min_ms,client_rtt_max_ms,worker_wall_ns_formals,worker_wall_median_ms,worker_wall_min_ms,worker_wall_max_ms,rtt_minus_worker_median_ns_descriptive,max_abs_error,max_relative_rmse,max_row_norm_relative_error,all_quality_pass,stored_output_sha256
1,5,"[1122400,1040600,1129400,1034200,978900]",1.0406,0.9789,1.1294,"[841300,801400,805400,711700,725800]",0.8014,0.7117,0.8413,281100,4.2780302464962006e-06,0.00021016330954546657,6.032197295386443e-06,True,f5b749936ba19e581426007b803c17035e52d729d837898760e9608bf1d9d445
2,5,"[1184300,1194600,1154100,1082600,1082500]",1.1541,1.0825,1.1946,"[871000,831900,822700,819800,755800]",0.8227,0.7558,0.8710,326700,1.3820827007293701e-05,0.0008226254965136196,2.5955679183542494e-05,True,b2cc6d570914273ec317388fda072f189c8017ec8cb46acd5ae19f2aeb96632b
4,5,"[966600,946100,1298500,952800,864000]",0.9528,0.8640,1.2985,"[557300,550400,679100,600000,503500]",0.5573,0.5035,0.6791,395700,1.5365425497293472e-05,0.0007141930669261404,0.0001248755892342781,True,1db98e04f303a028d153a9513a9bf661fabb49bffedbe36eca7895944d9e7a20
8,5,"[1540100,1678200,1386700,1175900,1176700]",1.3867,1.1759,1.6782,"[1058500,1317400,815600,815000,812900]",0.8156,0.8129,1.3174,363800,1.4233402907848358e-05,0.0006074609212682623,0.00015249027362021218,True,4274853ad40db7cba2fff2af2d5632c6ca689530bd957a6dbade3403bf82ff36
16,5,"[1459000,1268100,1167900,1134800,1178800]",1.1788,1.1348,1.4590,"[775600,700200,656700,637000,671200]",0.6712,0.6370,0.7756,511200,1.92360021173954e-05,0.0005186173727708898,0.00014491795441569952,True,48b8a3f24098c64b0cc474b00a3bfe38fdd29777b5a2651c026828a5ffa928f9
32,5,"[1977900,2095300,2262600,1791100,1899300]",1.9779,1.7911,2.2626,"[1165000,1015300,1410300,983600,992700]",1.0153,0.9836,1.4103,852300,2.0420178771018982e-05,0.0005787282142474964,0.00013579797289159628,True,93544104542380f72b406951b8b8021d72d188fedf4fe17f0baa3547b18cf6a9
64,5,"[4444100,3827300,4607000,3811800,4325200]",4.3252,3.8118,4.6070,"[1960000,1390700,2083400,1351100,2040400]",1.9600,1.3511,2.0834,2460700,2.3138709366321564e-05,0.0006521309578641237,0.0001817225429015063,True,f01e7ea46c20393e29d001302ec74f4157369bb6d1d4efc8566bf1b22580af34
128,5,"[9454000,10103500,11518600,9602800,10049400]",10.0494,9.4540,11.5186,"[3563300,4028800,4342700,3667100,3745200]",3.7452,3.5633,4.3427,6074700,4.1542574763298035e-05,0.000665951757270185,0.0001674657547378106,True,44bf70841b7c9d470ac85b14f6c81d70a346040d619a2d82019a0079684e4862
256,5,"[19446200,19540500,20885100,20480700,21377100]",20.4807,19.4462,21.3771,"[6095200,6125300,7262200,6419800,7088500]",6.4198,6.0952,7.2622,13622900,7.037073373794556e-05,0.0006915594487259341,0.0001416532932196892,True,443e76fade93c73a18936f6faf1bb1e0044ef0d46066246b92a3864116daf11d
