case_id,phase,rows,workers,affinity,status,reference_bitwise,output_sha256,formal_count,formal_ns,median_ns,pool_call_ns,worker_observations
default-r001,default_reference_gate,1,,,pass,True,03989de7a950c71a14d6b0348970fb2767c4d2004f6d5a99f7dea11a0c4fc8c3,5,123800;121000;120500;128200;121600,121600,,[]
default-r016,default_reference_gate,16,,,pass,True,d783ddd6509a6a1ce975222e61f34a5a7ef52df3395cf8a42e15f141cb5ea58e,5,1915300;1906800;1902300;1903600;1908100,1906800,,[]
default-r256,default_reference_gate,256,,,pass,True,063ef702e50abb6a553292fae6e133b8322f9db35f42bc3e7d4fd033411371e8,5,34865900;32468100;33253000;34964100;33749100,33749100,,[]
pool-none-w04-r001,pool_matrix,1,4,none,pass,True,03989de7a950c71a14d6b0348970fb2767c4d2004f6d5a99f7dea11a0c4fc8c3,5,51400;37900;48700;47600;47700,47700,50200;37000;47900;46900;47000,"[{""worker"":0,""requested_core"":-1,""ready"":true,""pin_requested"":false,""pin_applied"":false,""mask_observed"":true,""mask_matches_request"":false,""observed_group"":0,""observed_mask"":65535,""startup_processor"":13},{""worker"":1,""requested_core"":-1,""ready"":true,""pin_requested"":false,""pin_applied"":false,""mask_observed"":true,""mask_matches_request"":false,""observed_group"":0,""observed_mask"":65535,""startup_processor"":0},{""worker"":2,""requested_core"":-1,""ready"":true,""pin_requested"":false,""pin_applied"":false,""mask_observed"":true,""mask_matches_request"":false,""observed_group"":0,""observed_mask"":65535,""startup_processor"":10},{""worker"":3,""requested_core"":-1,""ready"":true,""pin_requested"":false,""pin_applied"":false,""mask_observed"":true,""mask_matches_request"":false,""observed_group"":0,""observed_mask"":65535,""startup_processor"":12}]"
pool-none-w04-r016,pool_matrix,16,4,none,pass,True,d783ddd6509a6a1ce975222e61f34a5a7ef52df3395cf8a42e15f141cb5ea58e,5,477700;405900;398000;437100;392000,405900,464400;393800;388200;428400;383200,"[{""worker"":0,""requested_core"":-1,""ready"":true,""pin_requested"":false,""pin_applied"":false,""mask_observed"":true,""mask_matches_request"":false,""observed_group"":0,""observed_mask"":65535,""startup_processor"":11},{""worker"":1,""requested_core"":-1,""ready"":true,""pin_requested"":false,""pin_applied"":false,""mask_observed"":true,""mask_matches_request"":false,""observed_group"":0,""observed_mask"":65535,""startup_processor"":0},{""worker"":2,""requested_core"":-1,""ready"":true,""pin_requested"":false,""pin_applied"":false,""mask_observed"":true,""mask_matches_request"":false,""observed_group"":0,""observed_mask"":65535,""startup_processor"":12},{""worker"":3,""requested_core"":-1,""ready"":true,""pin_requested"":false,""pin_applied"":false,""mask_observed"":true,""mask_matches_request"":false,""observed_group"":0,""observed_mask"":65535,""startup_processor"":10}]"
pool-none-w04-r256,pool_matrix,256,4,none,pass,True,063ef702e50abb6a553292fae6e133b8322f9db35f42bc3e7d4fd033411371e8,5,7452500;7301000;7097600;7494400;7346200,7346200,7098800;6986100;6829000;7250800;7082000,"[{""worker"":0,""requested_core"":-1,""ready"":true,""pin_requested"":false,""pin_applied"":false,""mask_observed"":true,""mask_matches_request"":false,""observed_group"":0,""observed_mask"":65535,""startup_processor"":1},{""worker"":1,""requested_core"":-1,""ready"":true,""pin_requested"":false,""pin_applied"":false,""mask_observed"":true,""mask_matches_request"":false,""observed_group"":0,""observed_mask"":65535,""startup_processor"":10},{""worker"":2,""requested_core"":-1,""ready"":true,""pin_requested"":false,""pin_applied"":false,""mask_observed"":true,""mask_matches_request"":false,""observed_group"":0,""observed_mask"":65535,""startup_processor"":0},{""worker"":3,""requested_core"":-1,""ready"":true,""pin_requested"":false,""pin_applied"":false,""mask_observed"":true,""mask_matches_request"":false,""observed_group"":0,""observed_mask"":65535,""startup_processor"":12}]"
pool-all-w04-r001,pool_matrix,1,4,all,pass,True,03989de7a950c71a14d6b0348970fb2767c4d2004f6d5a99f7dea11a0c4fc8c3,5,50500;49000;47800;47700;47800,47800,49600;48300;47200;47100;47200,"[{""worker"":0,""requested_core"":1,""ready"":true,""pin_requested"":true,""pin_applied"":true,""mask_observed"":true,""mask_matches_request"":true,""observed_group"":0,""observed_mask"":2,""startup_processor"":1},{""worker"":1,""requested_core"":10,""ready"":true,""pin_requested"":true,""pin_applied"":true,""mask_observed"":true,""mask_matches_request"":true,""observed_group"":0,""observed_mask"":1024,""startup_processor"":10},{""worker"":2,""requested_core"":11,""ready"":true,""pin_requested"":true,""pin_applied"":true,""mask_observed"":true,""mask_matches_request"":true,""observed_group"":0,""observed_mask"":2048,""startup_processor"":11},{""worker"":3,""requested_core"":12,""ready"":true,""pin_requested"":true,""pin_applied"":true,""mask_observed"":true,""mask_matches_request"":true,""observed_group"":0,""observed_mask"":4096,""startup_processor"":12}]"
pool-all-w04-r016,pool_matrix,16,4,all,pass,True,d783ddd6509a6a1ce975222e61f34a5a7ef52df3395cf8a42e15f141cb5ea58e,5,549600;448000;396600;392100;394800,396600,536600;436900;387000;383000;386000,"[{""worker"":0,""requested_core"":1,""ready"":true,""pin_requested"":true,""pin_applied"":true,""mask_observed"":true,""mask_matches_request"":true,""observed_group"":0,""observed_mask"":2,""startup_processor"":1},{""worker"":1,""requested_core"":10,""ready"":true,""pin_requested"":true,""pin_applied"":true,""mask_observed"":true,""mask_matches_request"":true,""observed_group"":0,""observed_mask"":1024,""startup_processor"":10},{""worker"":2,""requested_core"":11,""ready"":true,""pin_requested"":true,""pin_applied"":true,""mask_observed"":true,""mask_matches_request"":true,""observed_group"":0,""observed_mask"":2048,""startup_processor"":11},{""worker"":3,""requested_core"":12,""ready"":true,""pin_requested"":true,""pin_applied"":true,""mask_observed"":true,""mask_matches_request"":true,""observed_group"":0,""observed_mask"":4096,""startup_processor"":12}]"
pool-all-w04-r256,pool_matrix,256,4,all,pass,True,063ef702e50abb6a553292fae6e133b8322f9db35f42bc3e7d4fd033411371e8,5,7269100;7376300;8729400;8325400;7915500,7915500,6933600;7093000;8470000;7943000;7435400,"[{""worker"":0,""requested_core"":1,""ready"":true,""pin_requested"":true,""pin_applied"":true,""mask_observed"":true,""mask_matches_request"":true,""observed_group"":0,""observed_mask"":2,""startup_processor"":1},{""worker"":1,""requested_core"":10,""ready"":true,""pin_requested"":true,""pin_applied"":true,""mask_observed"":true,""mask_matches_request"":true,""observed_group"":0,""observed_mask"":1024,""startup_processor"":10},{""worker"":2,""requested_core"":11,""ready"":true,""pin_requested"":true,""pin_applied"":true,""mask_observed"":true,""mask_matches_request"":true,""observed_group"":0,""observed_mask"":2048,""startup_processor"":11},{""worker"":3,""requested_core"":12,""ready"":true,""pin_requested"":true,""pin_applied"":true,""mask_observed"":true,""mask_matches_request"":true,""observed_group"":0,""observed_mask"":4096,""startup_processor"":12}]"
pool-auto-w04-r001,pool_matrix,1,4,auto,pass,True,03989de7a950c71a14d6b0348970fb2767c4d2004f6d5a99f7dea11a0c4fc8c3,5,35900;31400;30100;30300;29500,30300,34900;30800;29400;29700;28900,"[{""worker"":0,""requested_core"":1,""ready"":true,""pin_requested"":true,""pin_applied"":true,""mask_observed"":true,""mask_matches_request"":true,""observed_group"":0,""observed_mask"":2,""startup_processor"":1},{""worker"":1,""requested_core"":10,""ready"":true,""pin_requested"":true,""pin_applied"":true,""mask_observed"":true,""mask_matches_request"":true,""observed_group"":0,""observed_mask"":1024,""startup_processor"":10},{""worker"":2,""requested_core"":11,""ready"":true,""pin_requested"":true,""pin_applied"":true,""mask_observed"":true,""mask_matches_request"":true,""observed_group"":0,""observed_mask"":2048,""startup_processor"":11},{""worker"":3,""requested_core"":12,""ready"":true,""pin_requested"":true,""pin_applied"":true,""mask_observed"":true,""mask_matches_request"":true,""observed_group"":0,""observed_mask"":4096,""startup_processor"":12}]"
pool-auto-w04-r016,pool_matrix,16,4,auto,pass,True,d783ddd6509a6a1ce975222e61f34a5a7ef52df3395cf8a42e15f141cb5ea58e,5,719800;674000;564100;504000;501300,564100,705900;662300;553900;494300;491500,"[{""worker"":0,""requested_core"":1,""ready"":true,""pin_requested"":true,""pin_applied"":true,""mask_observed"":true,""mask_matches_request"":true,""observed_group"":0,""observed_mask"":2,""startup_processor"":1},{""worker"":1,""requested_core"":10,""ready"":true,""pin_requested"":true,""pin_applied"":true,""mask_observed"":true,""mask_matches_request"":true,""observed_group"":0,""observed_mask"":1024,""startup_processor"":10},{""worker"":2,""requested_core"":11,""ready"":true,""pin_requested"":true,""pin_applied"":true,""mask_observed"":true,""mask_matches_request"":true,""observed_group"":0,""observed_mask"":2048,""startup_processor"":11},{""worker"":3,""requested_core"":12,""ready"":true,""pin_requested"":true,""pin_applied"":true,""mask_observed"":true,""mask_matches_request"":true,""observed_group"":0,""observed_mask"":4096,""startup_processor"":12}]"
pool-auto-w04-r256,pool_matrix,256,4,auto,pass,True,063ef702e50abb6a553292fae6e133b8322f9db35f42bc3e7d4fd033411371e8,5,7271400;7127800;8550200;7707800;7290400,7290400,6915000;6885300;8322500;7364600;7009400,"[{""worker"":0,""requested_core"":1,""ready"":true,""pin_requested"":true,""pin_applied"":true,""mask_observed"":true,""mask_matches_request"":true,""observed_group"":0,""observed_mask"":2,""startup_processor"":1},{""worker"":1,""requested_core"":10,""ready"":true,""pin_requested"":true,""pin_applied"":true,""mask_observed"":true,""mask_matches_request"":true,""observed_group"":0,""observed_mask"":1024,""startup_processor"":10},{""worker"":2,""requested_core"":11,""ready"":true,""pin_requested"":true,""pin_applied"":true,""mask_observed"":true,""mask_matches_request"":true,""observed_group"":0,""observed_mask"":2048,""startup_processor"":11},{""worker"":3,""requested_core"":12,""ready"":true,""pin_requested"":true,""pin_applied"":true,""mask_observed"":true,""mask_matches_request"":true,""observed_group"":0,""observed_mask"":4096,""startup_processor"":12}]"
pool-p-cores-w04-r001,pool_matrix,1,4,p-cores,pass,True,03989de7a950c71a14d6b0348970fb2767c4d2004f6d5a99f7dea11a0c4fc8c3,5,41700;38900;38200;39800;37800,38900,40800;38100;37500;39200;37200,"[{""worker"":0,""requested_core"":1,""ready"":true,""pin_requested"":true,""pin_applied"":true,""mask_observed"":true,""mask_matches_request"":true,""observed_group"":0,""observed_mask"":2,""startup_processor"":1},{""worker"":1,""requested_core"":10,""ready"":true,""pin_requested"":true,""pin_applied"":true,""mask_observed"":true,""mask_matches_request"":true,""observed_group"":0,""observed_mask"":1024,""startup_processor"":10},{""worker"":2,""requested_core"":11,""ready"":true,""pin_requested"":true,""pin_applied"":true,""mask_observed"":true,""mask_matches_request"":true,""observed_group"":0,""observed_mask"":2048,""startup_processor"":11},{""worker"":3,""requested_core"":12,""ready"":true,""pin_requested"":true,""pin_applied"":true,""mask_observed"":true,""mask_matches_request"":true,""observed_group"":0,""observed_mask"":4096,""startup_processor"":12}]"
pool-p-cores-w04-r016,pool_matrix,16,4,p-cores,pass,True,d783ddd6509a6a1ce975222e61f34a5a7ef52df3395cf8a42e15f141cb5ea58e,5,729000;611300;531000;508400;436200,531000,710500;599700;521800;499500;427400,"[{""worker"":0,""requested_core"":1,""ready"":true,""pin_requested"":true,""pin_applied"":true,""mask_observed"":true,""mask_matches_request"":true,""observed_group"":0,""observed_mask"":2,""startup_processor"":1},{""worker"":1,""requested_core"":10,""ready"":true,""pin_requested"":true,""pin_applied"":true,""mask_observed"":true,""mask_matches_request"":true,""observed_group"":0,""observed_mask"":1024,""startup_processor"":10},{""worker"":2,""requested_core"":11,""ready"":true,""pin_requested"":true,""pin_applied"":true,""mask_observed"":true,""mask_matches_request"":true,""observed_group"":0,""observed_mask"":2048,""startup_processor"":11},{""worker"":3,""requested_core"":12,""ready"":true,""pin_requested"":true,""pin_applied"":true,""mask_observed"":true,""mask_matches_request"":true,""observed_group"":0,""observed_mask"":4096,""startup_processor"":12}]"
pool-p-cores-w04-r256,pool_matrix,256,4,p-cores,pass,True,063ef702e50abb6a553292fae6e133b8322f9db35f42bc3e7d4fd033411371e8,5,7469400;7625900;7389300;7638800;7477100,7477100,7030900;7274900;7085600;7217300;7218500,"[{""worker"":0,""requested_core"":1,""ready"":true,""pin_requested"":true,""pin_applied"":true,""mask_observed"":true,""mask_matches_request"":true,""observed_group"":0,""observed_mask"":2,""startup_processor"":1},{""worker"":1,""requested_core"":10,""ready"":true,""pin_requested"":true,""pin_applied"":true,""mask_observed"":true,""mask_matches_request"":true,""observed_group"":0,""observed_mask"":1024,""startup_processor"":10},{""worker"":2,""requested_core"":11,""ready"":true,""pin_requested"":true,""pin_applied"":true,""mask_observed"":true,""mask_matches_request"":true,""observed_group"":0,""observed_mask"":2048,""startup_processor"":11},{""worker"":3,""requested_core"":12,""ready"":true,""pin_requested"":true,""pin_applied"":true,""mask_observed"":true,""mask_matches_request"":true,""observed_group"":0,""observed_mask"":4096,""startup_processor"":12}]"
