case_id,phase,rows,workers,requested_affinity,process_pid,process_parent_pid,process_create_time,exit_code,timed_out,reference_bitwise_pass,output_finite,native_receipt_validated,formal_count,native_formal_ns,native_median_ns,native_min_ns,pool_call_formal_ns,pool_call_median_ns,host_pin_applied,worker_pin_success_available,planned_worker_cpu_ids,planned_pinned_worker_ids,unpinned_worker_overflow,output_sha256
default-r006,default_reference_gate,6,,default,10304,19672,1791548868.215204,0,False,True,True,True,5,"[709300,707600,674400,672800,685100]",685100,672800,[],,,,[],[],,aeb9b0e4b9c425cf57d8714b126d6eae1aacbca66699b8c83b410dd101233cfc
default-r010,default_reference_gate,10,,default,23568,19672,1791548868.265269,0,False,True,True,True,5,"[1173100,1175600,1176200,1169700,1178500]",1175600,1169700,[],,,,[],[],,bc4fe766c3e58d51b8423c801267278aefcf8e2991eec8ee90dc18a498b590ce
pool-none-w01-r001,pool_matrix,1,1,none,3884,19672,1791548868.3180106,0,False,True,True,True,5,"[71500,68300,62900,66000,61500]",66000,61500,"[70400,67500,62200,65500,60900]",65500,False,False,"[1,10,11,12,13,2,3,4,5,6,7,8,9,14,15]",[],0,03989de7a950c71a14d6b0348970fb2767c4d2004f6d5a99f7dea11a0c4fc8c3
pool-none-w01-r002,pool_matrix,2,1,none,7100,19672,1791548868.3620465,0,False,True,True,True,5,"[143200,125200,120300,120300,120100]",120300,120100,"[141200,123800,119100,119100,119000]",119100,False,False,"[1,10,11,12,13,2,3,4,5,6,7,8,9,14,15]",[],0,fb0c56bbe1c03c33bf9d889c4d87829e5701886c36b0f9ad529476e273af53b8
pool-none-w01-r004,pool_matrix,4,1,none,15944,19672,1791548868.4067004,0,False,True,True,True,5,"[242500,236900,250200,243400,246200]",243400,236900,"[239400,234200,247700,241000,244000]",241000,False,False,"[1,10,11,12,13,2,3,4,5,6,7,8,9,14,15]",[],0,91c59f06aa20f15f47fda5ad1c0437f7c7df228e01ca43ad096852516b1edec4
pool-none-w01-r006,pool_matrix,6,1,none,9812,19672,1791548868.4507713,0,False,True,True,True,5,"[369500,367700,417200,447200,362100]",369500,362100,"[363400,364000,413800,443800,358700]",364000,False,False,"[1,10,11,12,13,2,3,4,5,6,7,8,9,14,15]",[],0,aeb9b0e4b9c425cf57d8714b126d6eae1aacbca66699b8c83b410dd101233cfc
pool-none-w01-r010,pool_matrix,10,1,none,22540,19672,1791548868.4961424,0,False,True,True,True,5,"[637500,634900,628400,629000,630700]",630700,628400,"[629300,627500,622100,623000,625200]",625200,False,False,"[1,10,11,12,13,2,3,4,5,6,7,8,9,14,15]",[],0,bc4fe766c3e58d51b8423c801267278aefcf8e2991eec8ee90dc18a498b590ce
pool-none-w01-r016,pool_matrix,16,1,none,11432,19672,1791548868.545244,0,False,True,True,True,5,"[968300,955700,949900,951300,948400]",951300,948400,"[951500,944000,939700,941500,938200]",941500,False,False,"[1,10,11,12,13,2,3,4,5,6,7,8,9,14,15]",[],0,d783ddd6509a6a1ce975222e61f34a5a7ef52df3395cf8a42e15f141cb5ea58e
pool-none-w02-r001,pool_matrix,1,2,none,5540,19672,1791548868.5980752,0,False,True,True,True,5,"[58900,49500,48600,55000,46600]",49500,46600,"[57900,48800,47900,54400,46100]",48800,False,False,"[1,10,11,12,13,2,3,4,5,6,7,8,9,14,15]",[],0,03989de7a950c71a14d6b0348970fb2767c4d2004f6d5a99f7dea11a0c4fc8c3
pool-none-w02-r002,pool_matrix,2,2,none,23904,19672,1791548868.642348,0,False,True,True,True,5,"[160000,154800,123300,83900,91100]",123300,83900,"[158300,153400,122000,82800,90000]",122000,False,False,"[1,10,11,12,13,2,3,4,5,6,7,8,9,14,15]",[],0,fb0c56bbe1c03c33bf9d889c4d87829e5701886c36b0f9ad529476e273af53b8
pool-none-w02-r004,pool_matrix,4,2,none,5604,19672,1791548868.690616,0,False,True,True,True,5,"[181700,164800,162800,162600,166200]",164800,162600,"[178500,162100,160300,160400,163900]",162100,False,False,"[1,10,11,12,13,2,3,4,5,6,7,8,9,14,15]",[],0,91c59f06aa20f15f47fda5ad1c0437f7c7df228e01ca43ad096852516b1edec4
pool-none-w02-r006,pool_matrix,6,2,none,19368,19672,1791548868.7378027,0,False,True,True,True,5,"[260600,244800,245600,254100,242700]",245600,242700,"[254700,240800,242200,250700,239400]",242200,False,False,"[1,10,11,12,13,2,3,4,5,6,7,8,9,14,15]",[],0,aeb9b0e4b9c425cf57d8714b126d6eae1aacbca66699b8c83b410dd101233cfc
pool-none-w02-r010,pool_matrix,10,2,none,17112,19672,1791548868.7824728,0,False,True,True,True,5,"[520500,422700,422000,425900,421200]",422700,421200,"[512900,416100,416200,420400,415300]",416200,False,False,"[1,10,11,12,13,2,3,4,5,6,7,8,9,14,15]",[],0,bc4fe766c3e58d51b8423c801267278aefcf8e2991eec8ee90dc18a498b590ce
pool-none-w02-r016,pool_matrix,16,2,none,20088,19672,1791548868.8362343,0,False,True,True,True,5,"[708800,683600,650900,651300,651900]",651900,650900,"[690300,671400,641000,641200,642500]",642500,False,False,"[1,10,11,12,13,2,3,4,5,6,7,8,9,14,15]",[],0,d783ddd6509a6a1ce975222e61f34a5a7ef52df3395cf8a42e15f141cb5ea58e
pool-none-w04-r001,pool_matrix,1,4,none,23996,19672,1791548868.8905582,0,False,True,True,True,5,"[35400,33300,30100,30000,29700]",30100,29700,"[34400,32600,29500,29400,29000]",29500,False,False,"[1,10,11,12,13,2,3,4,5,6,7,8,9,14,15]",[],0,03989de7a950c71a14d6b0348970fb2767c4d2004f6d5a99f7dea11a0c4fc8c3
pool-none-w04-r002,pool_matrix,2,4,none,5192,19672,1791548868.9388196,0,False,True,True,True,5,"[76300,72200,71100,70900,70600]",71100,70600,"[74300,70700,69800,69700,69500]",69800,False,False,"[1,10,11,12,13,2,3,4,5,6,7,8,9,14,15]",[],0,fb0c56bbe1c03c33bf9d889c4d87829e5701886c36b0f9ad529476e273af53b8
pool-none-w04-r004,pool_matrix,4,4,none,24208,19672,1791548868.9846904,0,False,True,True,True,5,"[189100,144000,131100,129500,130000]",131100,129500,"[185800,141100,128700,127300,127700]",128700,False,False,"[1,10,11,12,13,2,3,4,5,6,7,8,9,14,15]",[],0,91c59f06aa20f15f47fda5ad1c0437f7c7df228e01ca43ad096852516b1edec4
pool-none-w04-r006,pool_matrix,6,4,none,9548,19672,1791548869.0285065,0,False,True,True,True,5,"[155200,150600,148400,147600,146900]",148400,146900,"[150600,146600,144700,144300,143600]",144700,False,False,"[1,10,11,12,13,2,3,4,5,6,7,8,9,14,15]",[],0,aeb9b0e4b9c425cf57d8714b126d6eae1aacbca66699b8c83b410dd101233cfc
pool-none-w04-r010,pool_matrix,10,4,none,8556,19672,1791548869.073996,0,False,True,True,True,5,"[265600,264500,259400,256800,256900]",259400,256800,"[256900,257500,253500,251200,251400]",253500,False,False,"[1,10,11,12,13,2,3,4,5,6,7,8,9,14,15]",[],0,bc4fe766c3e58d51b8423c801267278aefcf8e2991eec8ee90dc18a498b590ce
pool-none-w04-r016,pool_matrix,16,4,none,21724,19672,1791548869.1203666,0,False,True,True,True,5,"[401800,393400,404900,390700,392300]",393400,390700,"[389000,381300,394400,381000,383100]",383100,False,False,"[1,10,11,12,13,2,3,4,5,6,7,8,9,14,15]",[],0,d783ddd6509a6a1ce975222e61f34a5a7ef52df3395cf8a42e15f141cb5ea58e
pool-none-w06-r001,pool_matrix,1,6,none,23256,19672,1791548869.17128,0,False,True,True,True,5,"[39700,37700,37100,96200,36700]",37700,36700,"[38600,36800,36500,95600,36100]",36800,False,False,"[1,10,11,12,13,2,3,4,5,6,7,8,9,14,15]",[],0,03989de7a950c71a14d6b0348970fb2767c4d2004f6d5a99f7dea11a0c4fc8c3
pool-none-w06-r002,pool_matrix,2,6,none,23828,19672,1791548869.21595,0,False,True,True,True,5,"[58900,53900,53200,51700,52000]",53200,51700,"[56900,52400,51800,50600,50900]",51800,False,False,"[1,10,11,12,13,2,3,4,5,6,7,8,9,14,15]",[],0,fb0c56bbe1c03c33bf9d889c4d87829e5701886c36b0f9ad529476e273af53b8
pool-none-w06-r004,pool_matrix,4,6,none,22100,19672,1791548869.2613935,0,False,True,True,True,5,"[101000,98400,97300,97800,97100]",97800,97100,"[96300,95000,94300,95000,94600]",95000,False,False,"[1,10,11,12,13,2,3,4,5,6,7,8,9,14,15]",[],0,91c59f06aa20f15f47fda5ad1c0437f7c7df228e01ca43ad096852516b1edec4
pool-none-w06-r006,pool_matrix,6,6,none,21340,19672,1791548869.3061488,0,False,True,True,True,5,"[196300,386200,146500,146000,150600]",150600,146000,"[189200,381900,142100,142400,147300]",147300,False,False,"[1,10,11,12,13,2,3,4,5,6,7,8,9,14,15]",[],0,aeb9b0e4b9c425cf57d8714b126d6eae1aacbca66699b8c83b410dd101233cfc
pool-none-w06-r010,pool_matrix,10,6,none,4512,19672,1791548869.351696,0,False,True,True,True,5,"[271100,297200,282800,281900,384700]",282800,271100,"[262300,289700,276300,276000,379100]",276300,False,False,"[1,10,11,12,13,2,3,4,5,6,7,8,9,14,15]",[],0,bc4fe766c3e58d51b8423c801267278aefcf8e2991eec8ee90dc18a498b590ce
pool-none-w06-r016,pool_matrix,16,6,none,9136,19672,1791548869.3999052,0,False,True,True,True,5,"[541400,590600,403500,439400,385700]",439400,385700,"[504100,575400,388600,427000,375500]",427000,False,False,"[1,10,11,12,13,2,3,4,5,6,7,8,9,14,15]",[],0,d783ddd6509a6a1ce975222e61f34a5a7ef52df3395cf8a42e15f141cb5ea58e
pool-none-w10-r001,pool_matrix,1,10,none,20232,19672,1791548869.4478447,0,False,True,True,True,5,"[28600,26800,26000,28400,24900]",26800,24900,"[27200,25800,25100,27500,24100]",25800,False,False,"[1,10,11,12,13,2,3,4,5,6,7,8,9,14,15]",[],0,03989de7a950c71a14d6b0348970fb2767c4d2004f6d5a99f7dea11a0c4fc8c3
pool-none-w10-r002,pool_matrix,2,10,none,18564,19672,1791548869.493403,0,False,True,True,True,5,"[58200,55200,59900,63000,61400]",59900,55200,"[56300,53800,58600,61900,60300]",58600,False,False,"[1,10,11,12,13,2,3,4,5,6,7,8,9,14,15]",[],0,fb0c56bbe1c03c33bf9d889c4d87829e5701886c36b0f9ad529476e273af53b8
pool-none-w10-r004,pool_matrix,4,10,none,932,19672,1791548869.5381851,0,False,True,True,True,5,"[148400,146200,143400,146200,115700]",146200,115700,"[138800,137700,135400,138800,108600]",137700,False,False,"[1,10,11,12,13,2,3,4,5,6,7,8,9,14,15]",[],0,91c59f06aa20f15f47fda5ad1c0437f7c7df228e01ca43ad096852516b1edec4
pool-none-w10-r006,pool_matrix,6,10,none,5868,19672,1791548869.5842528,0,False,True,True,True,5,"[154000,154200,1146800,142900,146100]",154000,142900,"[147900,149100,1138800,135500,140400]",147900,False,False,"[1,10,11,12,13,2,3,4,5,6,7,8,9,14,15]",[],0,aeb9b0e4b9c425cf57d8714b126d6eae1aacbca66699b8c83b410dd101233cfc
pool-none-w10-r010,pool_matrix,10,10,none,7840,19672,1791548869.6401873,0,False,True,True,True,5,"[418200,343300,355500,438100,199200]",355500,199200,"[389100,317200,332800,417100,187500]",332800,False,False,"[1,10,11,12,13,2,3,4,5,6,7,8,9,14,15]",[],0,bc4fe766c3e58d51b8423c801267278aefcf8e2991eec8ee90dc18a498b590ce
pool-none-w10-r016,pool_matrix,16,10,none,12472,19672,1791548869.6893215,0,False,True,True,True,5,"[527700,515800,527400,436300,335100]",515800,335100,"[491100,485200,499700,409800,320200]",485200,False,False,"[1,10,11,12,13,2,3,4,5,6,7,8,9,14,15]",[],0,d783ddd6509a6a1ce975222e61f34a5a7ef52df3395cf8a42e15f141cb5ea58e
pool-none-w16-r001,pool_matrix,1,16,none,19868,19672,1791548869.7381501,0,False,True,True,True,5,"[7374900,24900,21200,21400,19100]",21400,19100,"[7373100,23800,20500,20800,18500]",20800,False,False,"[1,10,11,12,13,2,3,4,5,6,7,8,9,14,15]",[],0,03989de7a950c71a14d6b0348970fb2767c4d2004f6d5a99f7dea11a0c4fc8c3
pool-none-w16-r002,pool_matrix,2,16,none,16484,19672,1791548869.8167045,0,False,True,True,True,5,"[20111900,3248300,43200,36600,34700]",43200,34700,"[20108000,3243900,39900,34500,32800]",39900,False,False,"[1,10,11,12,13,2,3,4,5,6,7,8,9,14,15]",[],0,fb0c56bbe1c03c33bf9d889c4d87829e5701886c36b0f9ad529476e273af53b8
pool-none-w16-r004,pool_matrix,4,16,none,24100,19672,1791548869.9411664,0,False,True,True,True,5,"[15791900,67500,67200,64500,63900]",67200,63900,"[15783800,63500,63900,61600,61400]",63500,False,False,"[1,10,11,12,13,2,3,4,5,6,7,8,9,14,15]",[],0,91c59f06aa20f15f47fda5ad1c0437f7c7df228e01ca43ad096852516b1edec4
pool-none-w16-r006,pool_matrix,6,16,none,2272,19672,1791548870.0570958,0,False,True,True,True,5,"[109500,98600,97500,96400,95400]",97500,95400,"[99700,92700,91600,91600,90600]",91600,False,False,"[1,10,11,12,13,2,3,4,5,6,7,8,9,14,15]",[],0,aeb9b0e4b9c425cf57d8714b126d6eae1aacbca66699b8c83b410dd101233cfc
pool-none-w16-r010,pool_matrix,10,16,none,24504,19672,1791548870.1562457,0,False,True,True,True,5,"[15668000,167400,165000,152000,151600]",165000,151600,"[15656200,158900,157200,146100,145800]",157200,False,False,"[1,10,11,12,13,2,3,4,5,6,7,8,9,14,15]",[],0,bc4fe766c3e58d51b8423c801267278aefcf8e2991eec8ee90dc18a498b590ce
pool-none-w16-r016,pool_matrix,16,16,none,14232,19672,1791548870.274484,0,False,True,True,True,5,"[341300,263900,252600,256000,270100]",263900,252600,"[301300,239200,238600,242500,256900]",242500,False,False,"[1,10,11,12,13,2,3,4,5,6,7,8,9,14,15]",[],0,d783ddd6509a6a1ce975222e61f34a5a7ef52df3395cf8a42e15f141cb5ea58e
pool-all-w01-r001,pool_matrix,1,1,all,22700,19672,1791548870.362603,0,False,True,True,True,5,"[97800,111200,64600,61800,70300]",70300,61800,"[96700,110400,64000,61300,69700]",69700,True,False,"[1,10,11,12,13,2,3,4,5,6,7,8,9,14,15]",[1],0,03989de7a950c71a14d6b0348970fb2767c4d2004f6d5a99f7dea11a0c4fc8c3
pool-all-w01-r002,pool_matrix,2,1,all,20504,19672,1791548870.4070196,0,False,True,True,True,5,"[156700,141900,142000,141600,136200]",141900,136200,"[155100,140500,140800,140400,135000]",140500,True,False,"[1,10,11,12,13,2,3,4,5,6,7,8,9,14,15]",[1],0,fb0c56bbe1c03c33bf9d889c4d87829e5701886c36b0f9ad529476e273af53b8
pool-all-w01-r004,pool_matrix,4,1,all,11576,19672,1791548870.4548616,0,False,True,True,True,5,"[241800,239900,245000,238700,238700]",239900,238700,"[238700,237300,242500,236400,236400]",237300,True,False,"[1,10,11,12,13,2,3,4,5,6,7,8,9,14,15]",[1],0,91c59f06aa20f15f47fda5ad1c0437f7c7df228e01ca43ad096852516b1edec4
pool-all-w01-r006,pool_matrix,6,1,all,24464,19672,1791548870.5034597,0,False,True,True,True,5,"[343200,402300,411600,354700,358300]",358300,343200,"[338200,398500,407600,351400,354800]",354800,True,False,"[1,10,11,12,13,2,3,4,5,6,7,8,9,14,15]",[1],0,aeb9b0e4b9c425cf57d8714b126d6eae1aacbca66699b8c83b410dd101233cfc
pool-all-w01-r010,pool_matrix,10,1,all,3400,19672,1791548870.5527415,0,False,True,True,True,5,"[633200,628600,626800,627900,626800]",627900,626800,"[624400,622100,621100,622400,621300]",622100,True,False,"[1,10,11,12,13,2,3,4,5,6,7,8,9,14,15]",[1],0,bc4fe766c3e58d51b8423c801267278aefcf8e2991eec8ee90dc18a498b590ce
pool-all-w01-r016,pool_matrix,16,1,all,2228,19672,1791548870.5991805,0,False,True,True,True,5,"[965500,989500,953800,955700,951400]",955700,951400,"[951300,977700,943200,945700,941000]",945700,True,False,"[1,10,11,12,13,2,3,4,5,6,7,8,9,14,15]",[1],0,d783ddd6509a6a1ce975222e61f34a5a7ef52df3395cf8a42e15f141cb5ea58e
pool-all-w02-r001,pool_matrix,1,2,all,23512,19672,1791548870.6514452,0,False,True,True,True,5,"[104800,101600,101300,78400,78100]",101300,78100,"[103900,100900,100800,77900,77600]",100800,True,False,"[1,10,11,12,13,2,3,4,5,6,7,8,9,14,15]","[1,10]",0,03989de7a950c71a14d6b0348970fb2767c4d2004f6d5a99f7dea11a0c4fc8c3
pool-all-w02-r002,pool_matrix,2,2,all,23804,19672,1791548870.6970603,0,False,True,True,True,5,"[94500,92300,91500,81300,81200]",91500,81200,"[92900,91100,90300,80200,80100]",90300,True,False,"[1,10,11,12,13,2,3,4,5,6,7,8,9,14,15]","[1,10]",0,fb0c56bbe1c03c33bf9d889c4d87829e5701886c36b0f9ad529476e273af53b8
pool-all-w02-r004,pool_matrix,4,2,all,11688,19672,1791548870.740116,0,False,True,True,True,5,"[307300,297300,297700,299100,253900]",297700,253900,"[304000,294400,295200,296900,251700]",295200,True,False,"[1,10,11,12,13,2,3,4,5,6,7,8,9,14,15]","[1,10]",0,91c59f06aa20f15f47fda5ad1c0437f7c7df228e01ca43ad096852516b1edec4
pool-all-w02-r006,pool_matrix,6,2,all,19944,19672,1791548870.7933767,0,False,True,True,True,5,"[445300,443500,387100,424300,346900]",424300,346900,"[440800,439400,383700,421000,343600]",421000,True,False,"[1,10,11,12,13,2,3,4,5,6,7,8,9,14,15]","[1,10]",0,aeb9b0e4b9c425cf57d8714b126d6eae1aacbca66699b8c83b410dd101233cfc
pool-all-w02-r010,pool_matrix,10,2,all,11336,19672,1791548870.8403275,0,False,True,True,True,5,"[617600,470300,464400,463000,424800]",464400,424800,"[609300,463400,458400,457000,419100]",458400,True,False,"[1,10,11,12,13,2,3,4,5,6,7,8,9,14,15]","[1,10]",0,bc4fe766c3e58d51b8423c801267278aefcf8e2991eec8ee90dc18a498b590ce
pool-all-w02-r016,pool_matrix,16,2,all,13548,19672,1791548870.892804,0,False,True,True,True,5,"[652700,647900,640300,640300,798700]",647900,640300,"[640300,636600,630000,630800,789400]",636600,True,False,"[1,10,11,12,13,2,3,4,5,6,7,8,9,14,15]","[1,10]",0,d783ddd6509a6a1ce975222e61f34a5a7ef52df3395cf8a42e15f141cb5ea58e
pool-all-w04-r001,pool_matrix,1,4,all,20332,19672,1791548870.9439638,0,False,True,True,True,5,"[43200,63200,52500,50000,42000]",50000,42000,"[42300,62500,51800,49400,41300]",49400,True,False,"[1,10,11,12,13,2,3,4,5,6,7,8,9,14,15]","[1,10,11,12]",0,03989de7a950c71a14d6b0348970fb2767c4d2004f6d5a99f7dea11a0c4fc8c3
pool-all-w04-r002,pool_matrix,2,4,all,20608,19672,1791548870.990209,0,False,True,True,True,5,"[91300,70000,67400,66500,65700]",67400,65700,"[86800,68800,66300,65300,64500]",66300,True,False,"[1,10,11,12,13,2,3,4,5,6,7,8,9,14,15]","[1,10,11,12]",0,fb0c56bbe1c03c33bf9d889c4d87829e5701886c36b0f9ad529476e273af53b8
pool-all-w04-r004,pool_matrix,4,4,all,17496,19672,1791548871.0354135,0,False,True,True,True,5,"[170300,155700,155200,143600,129200]",155200,129200,"[167100,152900,152600,141300,127000]",152600,True,False,"[1,10,11,12,13,2,3,4,5,6,7,8,9,14,15]","[1,10,11,12]",0,91c59f06aa20f15f47fda5ad1c0437f7c7df228e01ca43ad096852516b1edec4
pool-all-w04-r006,pool_matrix,6,4,all,11908,19672,1791548871.0822172,0,False,True,True,True,5,"[171000,158500,149500,147500,147200]",149500,147200,"[165700,154300,145800,144100,143800]",145800,True,False,"[1,10,11,12,13,2,3,4,5,6,7,8,9,14,15]","[1,10,11,12]",0,aeb9b0e4b9c425cf57d8714b126d6eae1aacbca66699b8c83b410dd101233cfc
pool-all-w04-r010,pool_matrix,10,4,all,11296,19672,1791548871.132357,0,False,True,True,True,5,"[362500,361000,357500,340200,349700]",357500,340200,"[354400,354700,352000,334800,344300]",352000,True,False,"[1,10,11,12,13,2,3,4,5,6,7,8,9,14,15]","[1,10,11,12]",0,bc4fe766c3e58d51b8423c801267278aefcf8e2991eec8ee90dc18a498b590ce
pool-all-w04-r016,pool_matrix,16,4,all,23608,19672,1791548871.1807628,0,False,True,True,True,5,"[724000,701700,520600,518000,514300]",520600,514300,"[709200,690200,510300,508400,504900]",510300,True,False,"[1,10,11,12,13,2,3,4,5,6,7,8,9,14,15]","[1,10,11,12]",0,d783ddd6509a6a1ce975222e61f34a5a7ef52df3395cf8a42e15f141cb5ea58e
pool-all-w06-r001,pool_matrix,1,6,all,24312,19672,1791548871.2384336,0,False,True,True,True,5,"[38400,37700,41200,37800,54200]",38400,37700,"[37300,36800,40300,37100,53500]",37300,True,False,"[1,10,11,12,13,2,3,4,5,6,7,8,9,14,15]","[1,10,11,12,13,2]",0,03989de7a950c71a14d6b0348970fb2767c4d2004f6d5a99f7dea11a0c4fc8c3
pool-all-w06-r002,pool_matrix,2,6,all,8444,19672,1791548871.28914,0,False,True,True,True,5,"[72800,72100,781200,58100,63100]",72100,58100,"[70700,70600,780000,56700,61900]",70600,True,False,"[1,10,11,12,13,2,3,4,5,6,7,8,9,14,15]","[1,10,11,12,13,2]",0,fb0c56bbe1c03c33bf9d889c4d87829e5701886c36b0f9ad529476e273af53b8
pool-all-w06-r004,pool_matrix,4,6,all,11940,19672,1791548871.335386,0,False,True,True,True,5,"[140700,141700,140600,140300,138200]",140600,138200,"[137400,138800,138200,138100,135800]",138100,True,False,"[1,10,11,12,13,2,3,4,5,6,7,8,9,14,15]","[1,10,11,12,13,2]",0,91c59f06aa20f15f47fda5ad1c0437f7c7df228e01ca43ad096852516b1edec4
pool-all-w06-r006,pool_matrix,6,6,all,9772,19672,1791548871.3797736,0,False,True,True,True,5,"[144600,140600,176000,140300,139400]",140600,139400,"[139600,136600,172500,136900,136000]",136900,True,False,"[1,10,11,12,13,2,3,4,5,6,7,8,9,14,15]","[1,10,11,12,13,2]",0,aeb9b0e4b9c425cf57d8714b126d6eae1aacbca66699b8c83b410dd101233cfc
pool-all-w06-r010,pool_matrix,10,6,all,23292,19672,1791548871.4320116,0,False,True,True,True,5,"[554200,750500,515800,562400,375300]",554200,375300,"[546400,743600,509500,556900,369800]",546400,True,False,"[1,10,11,12,13,2,3,4,5,6,7,8,9,14,15]","[1,10,11,12,13,2]",0,bc4fe766c3e58d51b8423c801267278aefcf8e2991eec8ee90dc18a498b590ce
pool-all-w06-r016,pool_matrix,16,6,all,22576,19672,1791548871.481552,0,False,True,True,True,5,"[559200,579300,555300,441100,440100]",555300,440100,"[546700,567500,545200,431700,431200]",545200,True,False,"[1,10,11,12,13,2,3,4,5,6,7,8,9,14,15]","[1,10,11,12,13,2]",0,d783ddd6509a6a1ce975222e61f34a5a7ef52df3395cf8a42e15f141cb5ea58e
pool-all-w10-r001,pool_matrix,1,10,all,23628,19672,1791548871.5346112,0,False,True,True,True,5,"[27600,25600,23200,19800,19700]",23200,19700,"[26800,24900,22600,19200,19200]",22600,True,False,"[1,10,11,12,13,2,3,4,5,6,7,8,9,14,15]","[1,10,11,12,13,2,3,4,5,6]",0,03989de7a950c71a14d6b0348970fb2767c4d2004f6d5a99f7dea11a0c4fc8c3
pool-all-w10-r002,pool_matrix,2,10,all,19400,19672,1791548871.5827348,0,False,True,True,True,5,"[51500,51000,49900,65600,65500]",51500,49900,"[49800,49500,48700,64500,64400]",49800,True,False,"[1,10,11,12,13,2,3,4,5,6,7,8,9,14,15]","[1,10,11,12,13,2,3,4,5,6]",0,fb0c56bbe1c03c33bf9d889c4d87829e5701886c36b0f9ad529476e273af53b8
pool-all-w10-r004,pool_matrix,4,10,all,11632,19672,1791548871.626571,0,False,True,True,True,5,"[99500,99600,100200,98500,99100]",99500,98500,"[95900,96600,97800,96200,96900]",96600,True,False,"[1,10,11,12,13,2,3,4,5,6,7,8,9,14,15]","[1,10,11,12,13,2,3,4,5,6]",0,91c59f06aa20f15f47fda5ad1c0437f7c7df228e01ca43ad096852516b1edec4
pool-all-w10-r006,pool_matrix,6,10,all,18148,19672,1791548871.6737294,0,False,True,True,True,5,"[191300,194000,193300,192600,246500]",193300,191300,"[186000,190000,189900,189300,243200]",189900,True,False,"[1,10,11,12,13,2,3,4,5,6,7,8,9,14,15]","[1,10,11,12,13,2,3,4,5,6]",0,aeb9b0e4b9c425cf57d8714b126d6eae1aacbca66699b8c83b410dd101233cfc
pool-all-w10-r010,pool_matrix,10,10,all,13296,19672,1791548871.7245803,0,False,True,True,True,5,"[207100,200000,196800,203900,201100]",201100,196800,"[199500,193500,191000,198100,195200]",195200,True,False,"[1,10,11,12,13,2,3,4,5,6,7,8,9,14,15]","[1,10,11,12,13,2,3,4,5,6]",0,bc4fe766c3e58d51b8423c801267278aefcf8e2991eec8ee90dc18a498b590ce
pool-all-w10-r016,pool_matrix,16,10,all,15116,19672,1791548871.7760565,0,False,True,True,True,5,"[368700,356400,269000,264900,264800]",269000,264800,"[354800,344900,258200,254800,254900]",258200,True,False,"[1,10,11,12,13,2,3,4,5,6,7,8,9,14,15]","[1,10,11,12,13,2,3,4,5,6]",0,d783ddd6509a6a1ce975222e61f34a5a7ef52df3395cf8a42e15f141cb5ea58e
pool-all-w16-r001,pool_matrix,1,16,all,20744,19672,1791548871.825014,0,False,True,True,True,5,"[47200,40000,34500,32900,29700]",34500,29700,"[44800,38600,33100,31700,28300]",33100,True,False,"[1,10,11,12,13,2,3,4,5,6,7,8,9,14,15]","[1,10,11,12,13,2,3,4,5,6,7,8,9,14,15]",1,03989de7a950c71a14d6b0348970fb2767c4d2004f6d5a99f7dea11a0c4fc8c3
pool-all-w16-r002,pool_matrix,2,16,all,10220,19672,1791548871.9246025,0,False,True,True,True,5,"[58900,45400,51600,40500,41000]",45400,40500,"[54800,42900,49100,37900,38600]",42900,True,False,"[1,10,11,12,13,2,3,4,5,6,7,8,9,14,15]","[1,10,11,12,13,2,3,4,5,6,7,8,9,14,15]",1,fb0c56bbe1c03c33bf9d889c4d87829e5701886c36b0f9ad529476e273af53b8
pool-all-w16-r004,pool_matrix,4,16,all,18184,19672,1791548871.9967346,0,False,True,True,True,5,"[81500,76200,74600,74400,72400]",74600,72400,"[74700,71000,69600,68900,67100]",69600,True,False,"[1,10,11,12,13,2,3,4,5,6,7,8,9,14,15]","[1,10,11,12,13,2,3,4,5,6,7,8,9,14,15]",1,91c59f06aa20f15f47fda5ad1c0437f7c7df228e01ca43ad096852516b1edec4
pool-all-w16-r006,pool_matrix,6,16,all,19188,19672,1791548872.06294,0,False,True,True,True,5,"[5646100,143200,120700,110400,109600]",120700,109600,"[5636600,135200,112600,102700,102800]",112600,True,False,"[1,10,11,12,13,2,3,4,5,6,7,8,9,14,15]","[1,10,11,12,13,2,3,4,5,6,7,8,9,14,15]",1,aeb9b0e4b9c425cf57d8714b126d6eae1aacbca66699b8c83b410dd101233cfc
pool-all-w16-r010,pool_matrix,10,16,all,4104,19672,1791548872.1617837,0,False,True,True,True,5,"[231500,225300,244300,226800,223000]",226800,223000,"[218200,213800,231600,212600,211900]",213800,True,False,"[1,10,11,12,13,2,3,4,5,6,7,8,9,14,15]","[1,10,11,12,13,2,3,4,5,6,7,8,9,14,15]",1,bc4fe766c3e58d51b8423c801267278aefcf8e2991eec8ee90dc18a498b590ce
pool-all-w16-r016,pool_matrix,16,16,all,4364,19672,1791548872.2354028,0,False,True,True,True,5,"[20355200,267800,268200,262400,264200]",267800,262400,"[20332100,250500,252800,247500,249200]",250500,True,False,"[1,10,11,12,13,2,3,4,5,6,7,8,9,14,15]","[1,10,11,12,13,2,3,4,5,6,7,8,9,14,15]",1,d783ddd6509a6a1ce975222e61f34a5a7ef52df3395cf8a42e15f141cb5ea58e
pool-auto-w01-r001,pool_matrix,1,1,auto,11728,19672,1791548872.341054,0,False,True,True,True,5,"[86400,72200,72300,72000,69000]",72200,69000,"[85500,71500,71600,71400,68400]",71500,True,False,"[1,10,11,12,13,2,3,4,5,6,7,8,9,14,15]",[1],0,03989de7a950c71a14d6b0348970fb2767c4d2004f6d5a99f7dea11a0c4fc8c3
pool-auto-w01-r002,pool_matrix,2,1,auto,24080,19672,1791548872.3836443,0,False,True,True,True,5,"[233700,225100,224700,226700,224800]",225100,224700,"[232000,223400,223400,225300,223600]",223600,True,False,"[1,10,11,12,13,2,3,4,5,6,7,8,9,14,15]",[1],0,fb0c56bbe1c03c33bf9d889c4d87829e5701886c36b0f9ad529476e273af53b8
pool-auto-w01-r004,pool_matrix,4,1,auto,24484,19672,1791548872.4277909,0,False,True,True,True,5,"[266000,241500,301500,246000,236800]",246000,236800,"[262500,238500,292800,243800,234500]",243800,True,False,"[1,10,11,12,13,2,3,4,5,6,7,8,9,14,15]",[1],0,91c59f06aa20f15f47fda5ad1c0437f7c7df228e01ca43ad096852516b1edec4
pool-auto-w01-r006,pool_matrix,6,1,auto,7916,19672,1791548872.4770937,0,False,True,True,True,5,"[365700,367600,367100,356300,360600]",365700,356300,"[360800,363700,363600,353100,357400]",360800,True,False,"[1,10,11,12,13,2,3,4,5,6,7,8,9,14,15]",[1],0,aeb9b0e4b9c425cf57d8714b126d6eae1aacbca66699b8c83b410dd101233cfc
pool-auto-w01-r010,pool_matrix,10,1,auto,8948,19672,1791548872.5228348,0,False,True,True,True,5,"[653000,632200,630200,629700,631900]",631900,629700,"[644600,625100,624500,624300,626500]",625100,True,False,"[1,10,11,12,13,2,3,4,5,6,7,8,9,14,15]",[1],0,bc4fe766c3e58d51b8423c801267278aefcf8e2991eec8ee90dc18a498b590ce
pool-auto-w01-r016,pool_matrix,16,1,auto,12916,19672,1791548872.56866,0,False,True,True,True,5,"[980800,955100,958700,952400,959100]",958700,952400,"[968600,944700,949700,943500,950200]",949700,True,False,"[1,10,11,12,13,2,3,4,5,6,7,8,9,14,15]",[1],0,d783ddd6509a6a1ce975222e61f34a5a7ef52df3395cf8a42e15f141cb5ea58e
pool-auto-w02-r001,pool_matrix,1,2,auto,23312,19672,1791548872.6173656,0,False,True,True,True,5,"[99700,77600,77200,77300,77000]",77300,77000,"[98800,76800,76600,76800,76500]",76800,True,False,"[1,10,11,12,13,2,3,4,5,6,7,8,9,14,15]","[1,10]",0,03989de7a950c71a14d6b0348970fb2767c4d2004f6d5a99f7dea11a0c4fc8c3
pool-auto-w02-r002,pool_matrix,2,2,auto,23016,19672,1791548872.6579316,0,False,True,True,True,5,"[148600,152300,149900,150100,150000]",150000,148600,"[146600,150900,148700,149000,148900]",148900,True,False,"[1,10,11,12,13,2,3,4,5,6,7,8,9,14,15]","[1,10]",0,fb0c56bbe1c03c33bf9d889c4d87829e5701886c36b0f9ad529476e273af53b8
pool-auto-w02-r004,pool_matrix,4,2,auto,23140,19672,1791548872.6998956,0,False,True,True,True,5,"[171100,163800,161400,160200,160500]",161400,160200,"[167500,161200,159000,157900,158300]",159000,True,False,"[1,10,11,12,13,2,3,4,5,6,7,8,9,14,15]","[1,10]",0,91c59f06aa20f15f47fda5ad1c0437f7c7df228e01ca43ad096852516b1edec4
pool-auto-w02-r006,pool_matrix,6,2,auto,3712,19672,1791548872.7426164,0,False,True,True,True,5,"[252600,243100,242100,244100,246300]",244100,242100,"[247300,238900,238700,240700,242900]",240700,True,False,"[1,10,11,12,13,2,3,4,5,6,7,8,9,14,15]","[1,10]",0,aeb9b0e4b9c425cf57d8714b126d6eae1aacbca66699b8c83b410dd101233cfc
pool-auto-w02-r010,pool_matrix,10,2,auto,20772,19672,1791548872.7897403,0,False,True,True,True,5,"[641600,580300,490000,455900,424100]",490000,424100,"[632000,573300,483700,450100,418500]",483700,True,False,"[1,10,11,12,13,2,3,4,5,6,7,8,9,14,15]","[1,10]",0,bc4fe766c3e58d51b8423c801267278aefcf8e2991eec8ee90dc18a498b590ce
pool-auto-w02-r016,pool_matrix,16,2,auto,11588,19672,1791548872.8387115,0,False,True,True,True,5,"[646100,655800,637700,632500,646100]",646100,632500,"[633600,644700,627900,623300,637000]",633600,True,False,"[1,10,11,12,13,2,3,4,5,6,7,8,9,14,15]","[1,10]",0,d783ddd6509a6a1ce975222e61f34a5a7ef52df3395cf8a42e15f141cb5ea58e
pool-auto-w04-r001,pool_matrix,1,4,auto,2388,19672,1791548872.8870523,0,False,True,True,True,5,"[49000,46700,36200,45600,45900]",45900,36200,"[48100,46000,35600,45000,45300]",45300,True,False,"[1,10,11,12,13,2,3,4,5,6,7,8,9,14,15]","[1,10,11,12]",0,03989de7a950c71a14d6b0348970fb2767c4d2004f6d5a99f7dea11a0c4fc8c3
pool-auto-w04-r002,pool_matrix,2,4,auto,3308,19672,1791548872.9316504,0,False,True,True,True,5,"[97400,93000,92500,92300,92400]",92500,92300,"[95600,91500,91300,91100,91300]",91300,True,False,"[1,10,11,12,13,2,3,4,5,6,7,8,9,14,15]","[1,10,11,12]",0,fb0c56bbe1c03c33bf9d889c4d87829e5701886c36b0f9ad529476e273af53b8
pool-auto-w04-r004,pool_matrix,4,4,auto,23564,19672,1791548872.9782133,0,False,True,True,True,5,"[153000,150400,148600,149000,149100]",149100,148600,"[149500,147500,146200,146800,146800]",146800,True,False,"[1,10,11,12,13,2,3,4,5,6,7,8,9,14,15]","[1,10,11,12]",0,91c59f06aa20f15f47fda5ad1c0437f7c7df228e01ca43ad096852516b1edec4
pool-auto-w04-r006,pool_matrix,6,4,auto,6100,19672,1791548873.0245976,0,False,True,True,True,5,"[246800,181700,149400,148100,147200]",149400,147200,"[240800,177200,145300,144300,143800]",145300,True,False,"[1,10,11,12,13,2,3,4,5,6,7,8,9,14,15]","[1,10,11,12]",0,aeb9b0e4b9c425cf57d8714b126d6eae1aacbca66699b8c83b410dd101233cfc
pool-auto-w04-r010,pool_matrix,10,4,auto,15040,19672,1791548873.0721025,0,False,True,True,True,5,"[320400,263600,260700,262300,256800]",262300,256800,"[312500,257100,255000,256700,251300]",256700,True,False,"[1,10,11,12,13,2,3,4,5,6,7,8,9,14,15]","[1,10,11,12]",0,bc4fe766c3e58d51b8423c801267278aefcf8e2991eec8ee90dc18a498b590ce
pool-auto-w04-r016,pool_matrix,16,4,auto,10532,19672,1791548873.128833,0,False,True,True,True,5,"[626300,513300,478000,430000,397300]",478000,397300,"[612300,501400,467500,417300,388400]",467500,True,False,"[1,10,11,12,13,2,3,4,5,6,7,8,9,14,15]","[1,10,11,12]",0,d783ddd6509a6a1ce975222e61f34a5a7ef52df3395cf8a42e15f141cb5ea58e
pool-auto-w06-r001,pool_matrix,1,6,auto,19628,19672,1791548873.1864417,0,False,True,True,True,5,"[41300,40500,36400,37100,36100]",37100,36100,"[40400,39800,35800,36400,35500]",36400,True,False,"[1,10,11,12,13,2,3,4,5,6,7,8,9,14,15]","[1,10,11,12,13,2]",0,03989de7a950c71a14d6b0348970fb2767c4d2004f6d5a99f7dea11a0c4fc8c3
pool-auto-w06-r002,pool_matrix,2,6,auto,20616,19672,1791548873.2323196,0,False,True,True,True,5,"[71800,71900,70800,70000,71000]",71000,70000,"[70100,70500,69600,68900,69900]",69900,True,False,"[1,10,11,12,13,2,3,4,5,6,7,8,9,14,15]","[1,10,11,12,13,2]",0,fb0c56bbe1c03c33bf9d889c4d87829e5701886c36b0f9ad529476e273af53b8
pool-auto-w06-r004,pool_matrix,4,6,auto,23256,19672,1791548873.2797694,0,False,True,True,True,5,"[150600,106400,95500,96000,94600]",96000,94600,"[147400,103400,93100,93700,92300]",93700,True,False,"[1,10,11,12,13,2,3,4,5,6,7,8,9,14,15]","[1,10,11,12,13,2]",0,91c59f06aa20f15f47fda5ad1c0437f7c7df228e01ca43ad096852516b1edec4
pool-auto-w06-r006,pool_matrix,6,6,auto,23828,19672,1791548873.3243973,0,False,True,True,True,5,"[181100,178800,190500,194300,193600]",190500,178800,"[176500,174800,187000,191100,190400]",187000,True,False,"[1,10,11,12,13,2,3,4,5,6,7,8,9,14,15]","[1,10,11,12,13,2]",0,aeb9b0e4b9c425cf57d8714b126d6eae1aacbca66699b8c83b410dd101233cfc
pool-auto-w06-r010,pool_matrix,10,6,auto,22100,19672,1791548873.3727326,0,False,True,True,True,5,"[216900,210900,210300,230100,280300]",216900,210300,"[208500,204500,204500,224400,274800]",208500,True,False,"[1,10,11,12,13,2,3,4,5,6,7,8,9,14,15]","[1,10,11,12,13,2]",0,bc4fe766c3e58d51b8423c801267278aefcf8e2991eec8ee90dc18a498b590ce
pool-auto-w06-r016,pool_matrix,16,6,auto,20796,19672,1791548873.4241717,0,False,True,True,True,5,"[498800,454300,384600,376200,376300]",384600,376200,"[485700,442600,374600,366800,367200]",374600,True,False,"[1,10,11,12,13,2,3,4,5,6,7,8,9,14,15]","[1,10,11,12,13,2]",0,d783ddd6509a6a1ce975222e61f34a5a7ef52df3395cf8a42e15f141cb5ea58e
pool-auto-w10-r001,pool_matrix,1,10,auto,10644,19672,1791548873.4719915,0,False,True,True,True,5,"[30200,30300,29200,28700,28500]",29200,28500,"[29300,29400,28500,28000,27800]",28500,True,False,"[1,10,11,12,13,2,3,4,5,6,7,8,9,14,15]","[1,10,11,12,13,2,3,4,5,6]",0,03989de7a950c71a14d6b0348970fb2767c4d2004f6d5a99f7dea11a0c4fc8c3
pool-auto-w10-r002,pool_matrix,2,10,auto,24132,19672,1791548873.523284,0,False,True,True,True,5,"[92300,91200,89900,89000,89500]",89900,89000,"[90600,89800,88800,87900,88400]",88800,True,False,"[1,10,11,12,13,2,3,4,5,6,7,8,9,14,15]","[1,10,11,12,13,2,3,4,5,6]",0,fb0c56bbe1c03c33bf9d889c4d87829e5701886c36b0f9ad529476e273af53b8
pool-auto-w10-r004,pool_matrix,4,10,auto,10944,19672,1791548873.5695956,0,False,True,True,True,5,"[113700,110400,109200,110000,108700]",110000,108700,"[110700,107800,106800,107700,106500]",107700,True,False,"[1,10,11,12,13,2,3,4,5,6,7,8,9,14,15]","[1,10,11,12,13,2,3,4,5,6]",0,91c59f06aa20f15f47fda5ad1c0437f7c7df228e01ca43ad096852516b1edec4
pool-auto-w10-r006,pool_matrix,6,10,auto,18504,19672,1791548873.616269,0,False,True,True,True,5,"[180600,177700,174700,188600,193200]",180600,174700,"[174600,173400,171200,185100,190000]",174600,True,False,"[1,10,11,12,13,2,3,4,5,6,7,8,9,14,15]","[1,10,11,12,13,2,3,4,5,6]",0,aeb9b0e4b9c425cf57d8714b126d6eae1aacbca66699b8c83b410dd101233cfc
pool-auto-w10-r010,pool_matrix,10,10,auto,15300,19672,1791548873.6626673,0,False,True,True,True,5,"[401700,358200,373700,435500,245600]",373700,245600,"[391200,351300,367500,430000,240200]",367500,True,False,"[1,10,11,12,13,2,3,4,5,6,7,8,9,14,15]","[1,10,11,12,13,2,3,4,5,6]",0,bc4fe766c3e58d51b8423c801267278aefcf8e2991eec8ee90dc18a498b590ce
pool-auto-w10-r016,pool_matrix,16,10,auto,5868,19672,1791548873.710554,0,False,True,True,True,5,"[527300,533200,530400,477200,521000]",527300,477200,"[511300,520900,519400,466900,510900]",511300,True,False,"[1,10,11,12,13,2,3,4,5,6,7,8,9,14,15]","[1,10,11,12,13,2,3,4,5,6]",0,d783ddd6509a6a1ce975222e61f34a5a7ef52df3395cf8a42e15f141cb5ea58e
pool-auto-w16-r001,pool_matrix,1,16,auto,10700,19672,1791548873.7601917,0,False,True,True,True,5,"[37400,28400,27100,31900,36300]",31900,27100,"[36100,27100,25900,30700,35100]",30700,True,False,"[1,10,11,12,13,2,3,4,5,6,7,8,9,14,15]","[1,10,11,12,13,2,3,4,5,6,7,8,9,14,15]",1,03989de7a950c71a14d6b0348970fb2767c4d2004f6d5a99f7dea11a0c4fc8c3
pool-auto-w16-r002,pool_matrix,2,16,auto,23516,19672,1791548873.8336787,0,False,True,True,True,5,"[42600,40200,39700,40100,40400]",40200,39700,"[40000,38200,37500,38400,36800]",38200,True,False,"[1,10,11,12,13,2,3,4,5,6,7,8,9,14,15]","[1,10,11,12,13,2,3,4,5,6,7,8,9,14,15]",1,fb0c56bbe1c03c33bf9d889c4d87829e5701886c36b0f9ad529476e273af53b8
pool-auto-w16-r004,pool_matrix,4,16,auto,19868,19672,1791548873.916355,0,False,True,True,True,5,"[11988300,91600,71700,70900,74200]",74200,70900,"[11983300,87900,67900,66600,70200]",70200,True,False,"[1,10,11,12,13,2,3,4,5,6,7,8,9,14,15]","[1,10,11,12,13,2,3,4,5,6,7,8,9,14,15]",1,91c59f06aa20f15f47fda5ad1c0437f7c7df228e01ca43ad096852516b1edec4
pool-auto-w16-r006,pool_matrix,6,16,auto,21108,19672,1791548874.0126364,0,False,True,True,True,5,"[174200,162500,174200,156600,137300]",162500,137300,"[167900,156800,168900,151800,132400]",156800,True,False,"[1,10,11,12,13,2,3,4,5,6,7,8,9,14,15]","[1,10,11,12,13,2,3,4,5,6,7,8,9,14,15]",1,aeb9b0e4b9c425cf57d8714b126d6eae1aacbca66699b8c83b410dd101233cfc
pool-auto-w16-r010,pool_matrix,10,16,auto,18348,19672,1791548874.069642,0,False,True,True,True,5,"[13018600,228000,224400,224200,233700]",228000,224200,"[13004900,214200,212400,212700,221200]",214200,True,False,"[1,10,11,12,13,2,3,4,5,6,7,8,9,14,15]","[1,10,11,12,13,2,3,4,5,6,7,8,9,14,15]",1,bc4fe766c3e58d51b8423c801267278aefcf8e2991eec8ee90dc18a498b590ce
pool-auto-w16-r016,pool_matrix,16,16,auto,16108,19672,1791548874.1581855,0,False,True,True,True,5,"[459900,269100,264500,263200,268600]",268600,263200,"[431500,250000,249400,249300,253800]",250000,True,False,"[1,10,11,12,13,2,3,4,5,6,7,8,9,14,15]","[1,10,11,12,13,2,3,4,5,6,7,8,9,14,15]",1,d783ddd6509a6a1ce975222e61f34a5a7ef52df3395cf8a42e15f141cb5ea58e
pool-p-cores-w01-r001,pool_matrix,1,1,p-cores,22216,19672,1791548874.2455647,0,False,True,True,True,5,"[65800,63900,62800,61200,61500]",62800,61200,"[64900,63200,62200,60700,60900]",62200,True,False,"[1,10,11,12,13]",[1],0,03989de7a950c71a14d6b0348970fb2767c4d2004f6d5a99f7dea11a0c4fc8c3
pool-p-cores-w01-r002,pool_matrix,2,1,p-cores,20756,19672,1791548874.288866,0,False,True,True,True,5,"[228100,224400,224200,211300,130200]",224200,130200,"[225900,223200,223000,210100,129000]",223000,True,False,"[1,10,11,12,13]",[1],0,fb0c56bbe1c03c33bf9d889c4d87829e5701886c36b0f9ad529476e273af53b8
pool-p-cores-w01-r004,pool_matrix,4,1,p-cores,22700,19672,1791548874.331876,0,False,True,True,True,5,"[246000,241500,238100,237900,237600]",238100,237600,"[242600,238800,235600,235500,235400]",235600,True,False,"[1,10,11,12,13]",[1],0,91c59f06aa20f15f47fda5ad1c0437f7c7df228e01ca43ad096852516b1edec4
pool-p-cores-w01-r006,pool_matrix,6,1,p-cores,16500,19672,1791548874.381729,0,False,True,True,True,5,"[385800,358500,354400,362700,356000]",358500,354400,"[380700,354600,350900,359200,352500]",354600,True,False,"[1,10,11,12,13]",[1],0,aeb9b0e4b9c425cf57d8714b126d6eae1aacbca66699b8c83b410dd101233cfc
pool-p-cores-w01-r010,pool_matrix,10,1,p-cores,18532,19672,1791548874.4308019,0,False,True,True,True,5,"[637500,648500,632500,626700,631600]",632500,626700,"[629200,641800,626400,621100,626200]",626400,True,False,"[1,10,11,12,13]",[1],0,bc4fe766c3e58d51b8423c801267278aefcf8e2991eec8ee90dc18a498b590ce
pool-p-cores-w01-r016,pool_matrix,16,1,p-cores,24464,19672,1791548874.483716,0,False,True,True,True,5,"[959000,954500,947700,996700,967200]",959000,947700,"[946700,943500,937700,987500,957900]",946700,True,False,"[1,10,11,12,13]",[1],0,d783ddd6509a6a1ce975222e61f34a5a7ef52df3395cf8a42e15f141cb5ea58e
pool-p-cores-w02-r001,pool_matrix,1,2,p-cores,12300,19672,1791548874.5364473,0,False,True,True,True,5,"[66600,63500,62900,61000,60800]",62900,60800,"[65800,62800,62300,60400,60100]",62300,True,False,"[1,10,11,12,13]","[1,10]",0,03989de7a950c71a14d6b0348970fb2767c4d2004f6d5a99f7dea11a0c4fc8c3
pool-p-cores-w02-r002,pool_matrix,2,2,p-cores,23960,19672,1791548874.5804317,0,False,True,True,True,5,"[96300,92700,92300,91200,86700]",92300,86700,"[94300,91300,91100,90100,85600]",91100,True,False,"[1,10,11,12,13]","[1,10]",0,fb0c56bbe1c03c33bf9d889c4d87829e5701886c36b0f9ad529476e273af53b8
pool-p-cores-w02-r004,pool_matrix,4,2,p-cores,24556,19672,1791548874.6260197,0,False,True,True,True,5,"[164500,163700,164700,162200,166000]",164500,162200,"[161400,161000,162400,159900,163700]",161400,True,False,"[1,10,11,12,13]","[1,10]",0,91c59f06aa20f15f47fda5ad1c0437f7c7df228e01ca43ad096852516b1edec4
pool-p-cores-w02-r006,pool_matrix,6,2,p-cores,24124,19672,1791548874.6695645,0,False,True,True,True,5,"[253700,245200,252700,247600,242900]",247600,242900,"[248800,241300,249200,244100,239600]",244100,True,False,"[1,10,11,12,13]","[1,10]",0,aeb9b0e4b9c425cf57d8714b126d6eae1aacbca66699b8c83b410dd101233cfc
pool-p-cores-w02-r010,pool_matrix,10,2,p-cores,16776,19672,1791548874.714228,0,False,True,True,True,5,"[428100,424600,430500,420800,424800]",424800,420800,"[420700,418100,425000,415400,419200]",419200,True,False,"[1,10,11,12,13]","[1,10]",0,bc4fe766c3e58d51b8423c801267278aefcf8e2991eec8ee90dc18a498b590ce
pool-p-cores-w02-r016,pool_matrix,16,2,p-cores,22824,19672,1791548874.7595553,0,False,True,True,True,5,"[654200,647400,644900,637000,693300]",647400,637000,"[640300,636100,634800,627400,684000]",636100,True,False,"[1,10,11,12,13]","[1,10]",0,d783ddd6509a6a1ce975222e61f34a5a7ef52df3395cf8a42e15f141cb5ea58e
pool-p-cores-w04-r001,pool_matrix,1,4,p-cores,3620,19672,1791548874.809227,0,False,True,True,True,5,"[37500,39300,35900,34300,34700]",35900,34300,"[36400,38600,35200,33700,34100]",35200,True,False,"[1,10,11,12,13]","[1,10,11,12]",0,03989de7a950c71a14d6b0348970fb2767c4d2004f6d5a99f7dea11a0c4fc8c3
pool-p-cores-w04-r002,pool_matrix,2,4,p-cores,21000,19672,1791548874.8538864,0,False,True,True,True,5,"[96900,91600,76900,73400,69700]",76900,69700,"[94900,90200,75600,72200,68600]",75600,True,False,"[1,10,11,12,13]","[1,10,11,12]",0,fb0c56bbe1c03c33bf9d889c4d87829e5701886c36b0f9ad529476e273af53b8
pool-p-cores-w04-r004,pool_matrix,4,4,p-cores,4832,19672,1791548874.9045343,0,False,True,True,True,5,"[149300,138000,137500,137200,136600]",137500,136600,"[146200,135400,135200,134900,134400]",135200,True,False,"[1,10,11,12,13]","[1,10,11,12]",0,91c59f06aa20f15f47fda5ad1c0437f7c7df228e01ca43ad096852516b1edec4
pool-p-cores-w04-r006,pool_matrix,6,4,p-cores,23704,19672,1791548874.949839,0,False,True,True,True,5,"[211400,167600,165800,164800,167800]",167600,164800,"[206700,163500,162400,161500,164500]",163500,True,False,"[1,10,11,12,13]","[1,10,11,12]",0,aeb9b0e4b9c425cf57d8714b126d6eae1aacbca66699b8c83b410dd101233cfc
pool-p-cores-w04-r010,pool_matrix,10,4,p-cores,4912,19672,1791548874.9986155,0,False,True,True,True,5,"[366300,326700,267900,273400,257800]",273400,257800,"[357900,319600,261800,267700,252200]",267700,True,False,"[1,10,11,12,13]","[1,10,11,12]",0,bc4fe766c3e58d51b8423c801267278aefcf8e2991eec8ee90dc18a498b590ce
pool-p-cores-w04-r016,pool_matrix,16,4,p-cores,24264,19672,1791548875.0463912,0,False,True,True,True,5,"[715800,583500,521900,541800,491900]",541800,491900,"[702400,572800,512700,532900,483200]",532900,True,False,"[1,10,11,12,13]","[1,10,11,12]",0,d783ddd6509a6a1ce975222e61f34a5a7ef52df3395cf8a42e15f141cb5ea58e
